,0
0,번호 : 1 // 제목 : 신과함께-인과 연 // code : 167697 // num_total : 39057 // last_page : 3906
1,번호 : 2 // 제목 : 신과함께-죄와 벌 // code : 85579 // num_total : 57393 // last_page : 5740
2,번호 : 3 // 제목 : 1987 // code : 158191 // num_total : 30997 // last_page : 3100
3,번호 : 4 // 제목 : 독전 // code : 158178 // num_total : 18140 // last_page : 1815
4,번호 : 5 // 제목 : 공작 // code : 153687 // num_total : 21689 // last_page : 2169
5,번호 : 6 // 제목 : 안시성 // code : 163533 // num_total : 31613 // last_page : 3162
6,번호 : 7 // 제목 : 그것만이 내 세상 // code : 158180 // num_total : 13991 // last_page : 1400
7,번호 : 8 // 제목 : 마녀 // code : 175322 // num_total : 23276 // last_page : 2328
8,번호 : 9 // 제목 : 탐정: 리턴즈 // code : 159892 // num_total : 9694 // last_page : 970
9,번호 : 10 // 제목 : 너의 결혼식 // code : 140652 // num_total : 15070 // last_page : 1508
10,번호 : 11 // 제목 : 곤지암 // code : 172454 // num_total : 15995 // last_page : 1600
11,번호 : 12 // 제목 : 지금 만나러 갑니다 // code : 168298 // num_total : 12910 // last_page : 1292
12,번호 : 13 // 제목 : 목격자 // code : 169015 // num_total : 12274 // last_page : 1228
13,번호 : 14 // 제목 : 조선명탐정: 흡혈괴마의 비밀 // code : 165748 // num_total : 8473 // last_page : 848
14,번호 : 15 // 제목 : 명당 // code : 162981 // num_total : 7844 // last_page : 785
15,번호 : 16 // 제목 : 협상 // code : 164106 // num_total : 9147 // last_page : 915
16,번호 : 17 // 제목 : 리틀 포레스트 // code : 154449 // num_total : 10132 // last_page : 1014
17,번호 : 18 // 제목 : 골든슬럼버 // code : 158112 // num_total : 9045 // last_page : 905
18,번호 : 19 // 제목 : 궁합 // code : 141206 // num_total : 8474 // last_page : 848
19,번호 : 20 // 제목 : 사라진 밤 // code : 165026 // num_total : 4720 // last_page : 473
20,번호 : 21 // 제목 : 바람 바람 바람 // code : 142739 // num_total : 4520 // last_page : 453
21,번호 : 22 // 제목 : 챔피언 // code : 169347 // num_total : 3867 // last_page : 387
22,번호 : 23 // 제목 : 염력 // code : 153651 // num_total : 9844 // last_page : 985
23,번호 : 24 // 제목 : 인랑 // code : 109906 // num_total : 15144 // last_page : 1515
24,번호 : 25 // 제목 : 극장판 헬로카봇 : 백악기 시대 // code : 175727 // num_total : 2051 // last_page : 206
25,번호 : 26 // 제목 : 상류사회 // code : 172010 // num_total : 4770 // last_page : 478
26,번호 : 27 // 제목 : 레슬러 // code : 159877 // num_total : 3099 // last_page : 310
27,번호 : 28 // 제목 : 물괴 // code : 132996 // num_total : 6969 // last_page : 697
28,번호 : 29 // 제목 : 신비아파트: 금빛 도깨비와 비밀의 동굴 // code : 174805 // num_total : 2043 // last_page : 205
29,번호 : 30 // 제목 : 버닝 // code : 155263 // num_total : 8087 // last_page : 809
30,번호 : 31 // 제목 : 7년의 밤 // code : 85578 // num_total : 4629 // last_page : 463
31,번호 : 32 // 제목 : 변산 // code : 164151 // num_total : 4155 // last_page : 416
32,번호 : 33 // 제목 : 강철비 // code : 155665 // num_total : 18788 // last_page : 1879
33,번호 : 34 // 제목 : 흥부: 글로 세상을 바꾼 자 // code : 159805 // num_total : 2021 // last_page : 203
34,번호 : 35 // 제목 : 원더풀 고스트 // code : 152156 // num_total : 3124 // last_page : 313
35,번호 : 36 // 제목 : 허스토리 // code : 167787 // num_total : 2131 // last_page : 214
36,번호 : 37 // 제목 : 덕구 // code : 154667 // num_total : 2278 // last_page : 228
37,번호 : 38 // 제목 : 치즈인더트랩 // code : 153620 // num_total : 2451 // last_page : 246
38,번호 : 39 // 제목 : 1급기밀 // code : 149504 // num_total : 1979 // last_page : 198
39,번호 : 40 // 제목 : 속닥속닥 // code : 172003 // num_total : 2736 // last_page : 274
40,번호 : 41 // 제목 : 나를 기억해 // code : 158555 // num_total : 883 // last_page : 89
41,번호 : 42 // 제목 : 독전: 익스텐디드 컷 // code : 158178 // num_total : 18140 // last_page : 1815
42,번호 : 43 // 제목 : 게이트 // code : 172005 // num_total : 1675 // last_page : 168
43,번호 : 44 // 제목 : 미니특공대X // code : 171440 // num_total : 284 // last_page : 29
44,번호 : 45 // 제목 : 여중생A // code : 168405 // num_total : 1650 // last_page : 166
45,번호 : 46 // 제목 : 번개맨과 신비의 섬 // code : 165561 // num_total : 225 // last_page : 23
46,번호 : 47 // 제목 : 뽀로로 극장판 공룡섬 대모험 // code : 169349 // num_total : 3808 // last_page : 381
47,번호 : 48 // 제목 : 머니백 // code : 151241 // num_total : 868 // last_page : 87
48,번호 : 49 // 제목 : 젝스키스 에이틴 // code : 172006 // num_total : 345 // last_page : 35
49,번호 : 50 // 제목 : 데자뷰 // code : 167100 // num_total : 1223 // last_page : 123
50,번호 : 51 // 제목 : 비밥바룰라 // code : 151254 // num_total : 497 // last_page : 50
51,번호 : 52 // 제목 : 극장판 뽀잉: 슈퍼 변신의 비밀 // code : 178445 // num_total : 79 // last_page : 8
52,번호 : 53 // 제목 : 스파키 // code : 140235 // num_total : 226 // last_page : 23
53,번호 : 54 // 제목 : 터닝메카드W: 반다인의 비밀 특별판 // code : 171765 // num_total : 34 // last_page : 4
54,번호 : 55 // 제목 : 불한당: 나쁜 놈들의 세상 // code : 154112 // num_total : 11685 // last_page : 1169
55,번호 : 56 // 제목 : 해적왕 작스톰 // code : 177378 // num_total : 124 // last_page : 13
56,번호 : 57 // 제목 : 돌아와요 부산항애(愛) // code : 102953 // num_total : 509 // last_page : 51
57,번호 : 58 // 제목 : 미친도시 // code : 177744 // num_total : 77 // last_page : 8
58,번호 : 59 // 제목 : 파파 오랑후탄 // code : 162715 // num_total : 13 // last_page : 2
59,번호 : 60 // 제목 : 라라 // code : 171768 // num_total : 165 // last_page : 17
60,번호 : 61 // 제목 : 광인옥한흠 // code : 168504 // num_total : 80 // last_page : 9
61,번호 : 62 // 제목 : 안나 카레니나 // code : 176008 // num_total : 1 // last_page : 1
62,번호 : 63 // 제목 : 꽃찌: 독이 있는 사랑 // code : 167110 // num_total : 15 // last_page : 2
63,번호 : 64 // 제목 : 기억의 밤 // code : 160399 // num_total : 9185 // last_page : 919
64,번호 : 65 // 제목 : 아이 캔 스피크 // code : 161850 // num_total : 14088 // last_page : 1409
65,번호 : 66 // 제목 : 맞짱 // code : 177367 // num_total : 81 // last_page : 9
66,번호 : 67 // 제목 : 예스 평창! // code : 172525 // num_total : 34 // last_page : 4
67,번호 : 68 // 제목 : 양아치 느와르 // code : 177975 // num_total : 199 // last_page : 20
68,번호 : 69 // 제목 : 동창회의 목적 3 // code : 171889 // num_total : 2 // last_page : 1
