,명사_숫자
0,"[('제목', 1)]"
1,"[('편', 2261), ('영화', 1749), ('주지훈', 779), ('더', 752), ('스토리', 729), ('진짜', 587), ('반전', 570), ('감동', 502), ('재미', 477), ('편이', 469), ('볼', 431), ('생각', 418), ('편도', 406), ('좀', 392), ('내용', 387), ('전편', 382), ('기대', 351), ('점', 346), ('정말', 325), ('연기', 323), ('보고', 306), ('신', 305), ('사람', 285), ('그냥', 284), ('마지막', 276), ('왜', 271), ('것', 270), ('공룡', 266), ('이', 255), ('배우', 254), ('느낌', 241), ('이야기', 239), ('중간', 223), ('원작', 217), ('개인', 216), ('시간', 214), ('평점', 212), ('별로', 197), ('천만', 179), ('부분', 178), ('마동석', 178), ('역시', 177), ('정도', 172), ('신파', 171), ('저', 170), ('최고', 169), ('조금', 167), ('과거', 165), ('전개', 163), ('웹툰', 161), ('함', 160), ('난', 157), ('하정우', 152), ('이번', 151), ('거', 148), ('완전', 144), ('장면', 144), ('나', 143), ('꼭', 142), ('돈', 141), ('또', 140), ('때', 137), ('다음', 136), ('뭐', 136), ('말', 134), ('도', 133), ('나름', 133), ('차사', 131), ('노잼', 130), ('개', 129), ('듯', 128), ('임', 122), ('이해', 118), ('수', 117), ('내', 114), ('안', 113), ('그', 112), ('한국영', 110), ('수준', 110), ('알바', 109), ('대박', 109), ('억지', 106), ('번', 103), ('가족', 100), ('개연', 99), ('감독', 97), ('한국', 95), ('하나', 95), ('다시', 94), ('보기', 93), ('잼', 93), ('전', 93), ('꿀잼', 91), ('인과', 90), ('저승', 89), ('추천', 89), ('다른', 89), ('집중', 89), ('끝', 88), ('약간', 87)]"
2,"[('영화', 3138), ('감동', 986), ('눈물', 789), ('연기', 736), ('생각', 674), ('진짜', 649), ('원작', 615), ('스토리', 530), ('정말', 506), ('신파', 467), ('이', 437), ('마지막', 420), ('점', 417), ('재미', 375), ('배우', 370), ('볼', 356), ('웹툰', 349), ('기대', 349), ('좀', 348), ('사람', 344), ('보고', 331), ('것', 326), ('지옥', 309), ('그냥', 293), ('더', 292), ('내용', 288), ('왜', 270), ('평점', 270), ('천만', 268), ('차태현', 244), ('최고', 241), ('억지', 237), ('정도', 230), ('수준', 225), ('내', 223), ('한국영', 221), ('한국', 213), ('신', 208), ('엄마', 208), ('김동욱', 202), ('느낌', 199), ('거', 198), ('시간', 194), ('수', 191), ('처음', 190), ('가족', 182), ('나', 182), ('인생', 178), ('장면', 176), ('별로', 176), ('때', 175), ('말', 173), ('죄', 170), ('도', 168), ('부분', 167), ('그', 165), ('안', 164), ('만', 161), ('노잼', 155), ('중간', 154), ('신파극', 153), ('다시', 149), ('어머니', 149), ('함', 149), ('개', 148), ('편', 148), ('울', 147), ('판타지', 146), ('부모님', 146), ('돈', 144), ('꼭', 143), ('듯', 141), ('관객', 141), ('번', 136), ('한번', 136), ('하나', 133), ('임', 132), ('끝', 128), ('조금', 128), ('우리나라', 127), ('펑펑', 127), ('저', 127), ('뭐', 127), ('하정우', 126), ('못', 122), ('또', 122), ('개연', 120), ('걸', 119), ('캐릭터', 115), ('진심', 113), ('보기', 110), ('추천', 107), ('연출', 106), ('이상', 106), ('소재', 106), ('이해', 105), ('완전', 104), ('작품', 104), ('때문', 102), ('발전', 102)]"
3,"[('영화', 4825), ('꼭', 1208), ('그', 787), ('역사', 780), ('가슴', 769), ('정말', 730), ('감동', 590), ('생각', 577), ('것', 539), ('우리', 522), ('이', 519), ('시대', 499), ('지금', 477), ('눈물', 474), ('사람', 459), ('배우', 385), ('수', 377), ('진짜', 376), ('최고', 372), ('국민', 370), ('대한민국', 347), ('때', 341), ('연기', 333), ('민주주의', 326), ('더', 315), ('보고', 294), ('분', 289), ('마음', 268), ('말', 267), ('다시', 260), ('한번', 256), ('희생', 248), ('전두환', 224), ('모두', 223), ('점', 220), ('내', 219), ('기억', 213), ('시절', 212), ('모든', 212), ('감사', 210), ('알', 208), ('라면', 204), ('마지막', 197), ('민주화', 183), ('번', 181), ('살', 179), ('위해', 177), ('추천', 175), ('나라', 170), ('강동원', 168), ('사실', 167), ('열사', 165), ('시간', 164), ('재미', 159), ('그냥', 157), ('볼', 149), ('처음', 148), ('세상', 148), ('저', 146), ('진실', 145), ('왜', 144), ('내내', 141), ('우리나라', 140), ('과거', 139), ('또', 136), ('그때', 134), ('이한열', 134), ('연출', 132), ('당시', 132), ('내용', 130), ('박종철', 130), ('하나', 129), ('년', 128), ('평점', 127), ('장면', 127), ('감독', 121), ('여운', 120), ('나', 120), ('엔딩크레딧', 118), ('일', 110), ('정치', 106), ('영화로', 106), ('이야기', 106), ('느낌', 106), ('자유', 104), ('만', 101), ('빨갱이', 99), ('독재', 98), ('엔딩', 97), ('인생', 96), ('한국', 96), ('현실', 95), ('제', 95), ('안', 95), ('실화', 94), ('작품', 92), ('사건', 89), ('보아', 89), ('듯', 88), ('현재', 87)]"
4,"[('영화', 3032), ('연기', 2636), ('배우', 1911), ('김주혁', 1040), ('진짜', 750), ('스토리', 607), ('연기력', 604), ('결말', 565), ('류준열', 549), ('정말', 524), ('반전', 496), ('조진웅', 436), ('이', 435), ('생각', 423), ('최고', 396), ('좀', 390), ('선생', 388), ('내용', 384), ('볼', 382), ('세', 366), ('시간', 352), ('점', 328), ('마지막', 322), ('장면', 318), ('것', 312), ('왜', 312), ('관람', 310), ('더', 310), ('그냥', 299), ('마약', 284), ('재미', 276), ('보고', 274), ('감독', 269), ('자극', 256), ('청불', 250), ('느낌', 244), ('말', 224), ('또', 220), ('몰입', 218), ('정도', 214), ('캐릭터', 213), ('진서연', 205), ('거', 203), ('평점', 200), ('대박', 199), ('류준', 196), ('사람', 189), ('연출', 185), ('하나', 185), ('한국영', 176), ('부분', 175), ('개연', 172), ('다시', 171), ('수', 169), ('듯', 167), ('별로', 167), ('임', 165), ('차승원', 158), ('처음', 154), ('뭐', 148), ('그', 148), ('끝', 145), ('돈', 144), ('청', 138), ('때', 137), ('예상', 136), ('조금', 135), ('몰입도', 134), ('긴장감', 133), ('중간', 132), ('전개', 128), ('역시', 127), ('만', 125), ('감', 125), ('나', 124), ('함', 124), ('한국', 123), ('이해', 123), ('누가', 120), ('기대', 120), ('번', 119), ('내', 118), ('뭔가', 115), ('모두', 115), ('때문', 110), ('소름', 110), ('고', 106), ('인상', 106), ('꼭', 104), ('개', 103), ('알', 103), ('저', 102), ('수준', 102), ('약', 101), ('작품', 100), ('완전', 99), ('초반', 99), ('보기', 98), ('여운', 98), ('주연', 96)]"
5,"[('영화', 4363), ('연기', 1528), ('정치', 921), ('배우', 890), ('이성민', 792), ('북한', 783), ('진짜', 564), ('점', 528), ('생각', 488), ('실화', 445), ('이', 431), ('것', 427), ('평점', 423), ('정말', 394), ('사실', 371), ('볼', 369), ('색', 365), ('연기력', 359), ('선동', 357), ('사람', 356), ('황정민', 351), ('최고', 349), ('내용', 338), ('미화', 334), ('긴장감', 317), ('정권', 313), ('그냥', 300), ('좀', 291), ('액션', 286), ('보고', 284), ('말', 273), ('더', 273), ('재미', 260), ('스토리', 256), ('돈', 240), ('감동', 224), ('좌파', 216), ('그', 215), ('시간', 204), ('빨갱이', 202), ('사건', 202), ('거', 201), ('꼭', 199), ('보수', 197), ('뭐', 197), ('감독', 196), ('김대중', 191), ('수', 188), ('테러', 187), ('왜', 183), ('하나', 175), ('역사', 171), ('픽션', 169), ('마지막', 169), ('역시', 168), ('바탕', 165), ('쓰레기', 164), ('국민', 164), ('댓글', 164), ('몰입', 159), ('때', 158), ('알', 158), ('영화로', 155), ('알바', 151), ('정도', 151), ('임', 147), ('팩트', 147), ('개', 145), ('우리', 144), ('한국', 138), ('감', 135), ('흑금', 135), ('어디', 135), ('장면', 133), ('자체', 130), ('나라', 129), ('실제', 128), ('우리나라', 124), ('김정일', 124), ('현실', 123), ('때문', 122), ('좌편향', 122), ('노잼', 119), ('조금', 118), ('처음', 118), ('연출', 117), ('느낌', 116), ('만', 111), ('주지훈', 111), ('저', 109), ('위해', 108), ('듯', 107), ('위', 106), ('걸', 105), ('부분', 105), ('이야기', 103), ('첩보', 103), ('한번', 102), ('이건', 101), ('끝', 101)]"
6,"[('영화', 2847), ('조인성', 1237), ('연기', 1056), ('최고', 910), ('전쟁', 815), ('정말', 762), ('전투씬', 744), ('진짜', 737), ('배우', 654), ('설현', 652), ('볼', 536), ('감동', 523), ('스토리', 499), ('생각', 471), ('역사', 456), ('씬', 411), ('점', 405), ('장면', 391), ('시간', 386), ('전쟁씬', 378), ('좀', 357), ('투신', 356), ('더', 345), ('액션', 317), ('것', 307), ('양만춘', 301), ('고구려', 297), ('전투', 295), ('꼭', 291), ('이', 284), ('보고', 280), ('목소리', 278), ('왜', 271), ('한국영', 259), ('기대', 251), ('정도', 243), ('신', 242), ('사극', 233), ('그냥', 233), ('연기력', 231), ('평점', 230), ('재미', 214), ('몰입', 212), ('말', 207), ('내용', 205), ('때', 205), ('사람', 202), ('함', 194), ('스케일', 193), ('추천', 190), ('한국', 186), ('하나', 183), ('느낌', 182), ('남주혁', 182), ('임', 177), ('캐릭터', 174), ('안', 174), ('듯', 170), ('돈', 167), ('조금', 166), ('전쟁영화', 164), ('중간', 164), ('연출', 163), ('대박', 162), ('처음', 160), ('중', 160), ('거', 159), ('만', 157), ('역대', 156), ('그', 154), ('또', 153), ('다시', 149), ('별로', 148), ('한번', 148), ('감', 145), ('부분', 142), ('녀', 138), ('수', 138), ('이상', 136), ('완전', 136), ('대사', 128), ('알바', 127), ('캐스팅', 126), ('나', 124), ('번', 121), ('우리', 118), ('굿', 117), ('집중', 115), ('전개', 114), ('저', 114), ('성주', 112), ('모두', 112), ('눈', 110), ('대안', 110), ('감독', 108), ('내', 107), ('뭐', 106), ('때문', 106), ('장군', 104), ('영화관', 104)]"
7,"[('영화', 4200), ('연기', 2993), ('감동', 2173), ('이병헌', 1816), ('배우', 1419), ('박정민', 1181), ('진짜', 889), ('정말', 889), ('피아노', 799), ('최고', 756), ('스토리', 664), ('눈물', 504), ('연기력', 495), ('재미', 390), ('말', 362), ('생각', 355), ('만', 337), ('내용', 336), ('역시', 335), ('윤여정', 333), ('것', 324), ('가족', 302), ('그냥', 280), ('이', 277), ('꼭', 273), ('점', 271), ('대박', 263), ('볼', 262), ('보고', 257), ('더', 254), ('추천', 246), ('웃음', 241), ('신파', 235), ('모두', 225), ('한지민', 224), ('엄마', 221), ('평점', 218), ('마음', 215), ('그', 214), ('때', 212), ('연주', 210), ('하나', 202), ('가슴', 194), ('울', 193), ('장면', 181), ('수', 181), ('정도', 178), ('사람', 174), ('음악', 174), ('진태', 172), ('마지막', 164), ('연출', 151), ('시간', 150), ('처음', 149), ('좀', 144), ('느낌', 141), ('병헌', 140), ('인생', 140), ('간만', 138), ('왜', 137), ('굿', 137), ('내', 135), ('다시', 134), ('다가', 134), ('기대', 128), ('또', 127), ('중간', 125), ('코믹', 124), ('듯', 121), ('소름', 121), ('번', 120), ('한번', 119), ('모든', 117), ('한국영', 112), ('임', 109), ('몰입', 108), ('완전', 106), ('짱', 106), ('신', 105), ('나', 103), ('안', 103), ('보기', 103), ('그것', 102), ('세상', 102), ('여운', 102), ('연기자', 101), ('거', 100), ('뭐', 98), ('부분', 98), ('작품', 97), ('이야기', 96), ('전개', 95), ('웃기', 95), ('자체', 94), ('박수', 94), ('한국', 91), ('아주', 90), ('함', 90), ('억지', 87), ('드라마', 86)]"
8,"[('영화', 2868), ('연기', 1675), ('액션', 1179), ('진짜', 1088), ('다미', 960), ('김', 917), ('기대', 727), ('배우', 710), ('반전', 542), ('스토리', 538), ('정말', 482), ('최고', 477), ('편', 476), ('점', 471), ('주인공', 426), ('한국영', 413), ('대박', 389), ('좀', 371), ('생각', 360), ('한국', 356), ('평점', 334), ('볼', 333), ('대사', 329), ('이', 316), ('더', 315), ('왜', 286), ('연기력', 273), ('사람', 271), ('꼭', 271), ('것', 271), ('보고', 268), ('신인', 265), ('정도', 259), ('느낌', 256), ('그냥', 248), ('편이', 244), ('최우식', 240), ('중', 238), ('내용', 237), ('소름', 237), ('재미', 216), ('처음', 211), ('다음', 211), ('시간', 203), ('안', 203), ('임', 200), ('알바', 199), ('이상', 196), ('말', 192), ('여주', 189), ('완전', 189), ('거', 183), ('매력', 180), ('후반', 178), ('감독', 177), ('뭐', 176), ('초반', 176), ('캐릭터', 174), ('조민수', 171), ('몰입', 170), ('장면', 166), ('연출', 166), ('만', 163), ('속편', 161), ('부분', 159), ('함', 158), ('중간', 155), ('번', 153), ('개', 152), ('때', 151), ('굿', 150), ('듯', 149), ('나', 148), ('신', 145), ('내', 144), ('후속작', 141), ('하나', 139), ('우리나라', 138), ('조금', 137), ('꿀잼', 137), ('그', 137), ('친구', 136), ('또', 134), ('돈', 134), ('전개', 133), ('수', 132), ('설명', 131), ('소재', 130), ('봄', 130), ('애', 128), ('마지막', 126), ('간만', 122), ('시리즈', 120), ('난', 119), ('씬', 116), ('부', 115), ('병', 112), ('감', 110), ('영어', 109), ('걸', 108)]"
9,"[('영화', 1678), ('이광수', 1062), ('진짜', 979), ('편', 656), ('광수', 609), ('더', 433), ('꼭', 430), ('권상우', 420), ('재미', 406), ('연기', 391), ('볼', 379), ('평점', 376), ('생각', 375), ('성동일', 372), ('탐정', 359), ('보고', 348), ('정말', 329), ('스토리', 323), ('기대', 308), ('점', 300), ('그냥', 300), ('웃음', 292), ('배우', 257), ('꿀잼', 236), ('코믹', 235), ('추천', 232), ('시간', 232), ('역시', 224), ('편도', 223), ('완전', 220), ('알바', 219), ('보기', 209), ('만', 205), ('웃기', 200), ('최고', 198), ('추리', 188), ('정도', 184), ('빵빵', 178), ('잼', 169), ('사람', 163), ('좀', 158), ('이', 156), ('이상', 156), ('내용', 154), ('것', 151), ('대박', 150), ('돈', 148), ('코미디', 146), ('시리즈', 145), ('킬링타임', 144), ('용', 142), ('거', 140), ('케미', 140), ('수', 137), ('중간', 137), ('계속', 136), ('가족', 135), ('처음', 131), ('간만', 131), ('안', 124), ('함', 123), ('또', 121), ('전편', 117), ('이번', 115), ('듯', 114), ('하드캐리', 114), ('저', 113), ('도', 113), ('개', 112), ('편이', 111), ('때', 110), ('별로', 109), ('대안', 100), ('왜', 96), ('부분', 96), ('임', 93), ('장면', 92), ('초반', 91), ('짱', 90), ('나', 89), ('캐리', 89), ('한국영', 88), ('강추', 88), ('다음', 86), ('영화관', 86), ('한국', 85), ('끝', 85), ('내내', 84), ('조금', 81), ('굿', 81), ('개그', 80), ('마지막', 80), ('캐릭터', 78), ('리턴즈', 77), ('한번', 76), ('기분', 76), ('느낌', 72), ('재밋', 72), ('후회', 72), ('말', 71)]"
10,"[('영화', 3739), ('첫사랑', 1197), ('김영광', 1020), ('박보영', 986), ('진짜', 776), ('사랑', 727), ('생각', 724), ('연기', 512), ('정말', 441), ('현실', 435), ('점', 358), ('더', 354), ('평점', 344), ('여운', 343), ('그냥', 335), ('추억', 334), ('보고', 328), ('것', 326), ('사람', 311), ('내', 306), ('그', 296), ('남자', 294), ('스토리', 292), ('공감', 287), ('타이밍', 286), ('이', 280), ('건축학개론', 275), ('시절', 269), ('결말', 267), ('배우', 265), ('볼', 258), ('때', 256), ('마음', 245), ('인생', 244), ('최고', 242), ('나', 241), ('내용', 239), ('재미', 231), ('느낌', 221), ('수', 220), ('좀', 219), ('중간', 211), ('친구', 211), ('만', 202), ('시간', 200), ('말', 198), ('우리', 196), ('마지막', 196), ('다시', 182), ('여자', 179), ('장면', 176), ('꼭', 174), ('이야기', 169), ('감동', 168), ('정도', 167), ('소녀', 165), ('추천', 165), ('또', 163), ('한번', 159), ('연애', 158), ('듯', 156), ('보기', 155), ('가슴', 153), ('거', 153), ('로맨스', 153), ('너', 151), ('왜', 149), ('기대', 149), ('번', 140), ('별로', 138), ('처음', 138), ('기억', 137), ('부분', 137), ('감정', 127), ('기분', 126), ('저', 126), ('웃기', 119), ('임', 118), ('결혼', 116), ('내내', 115), ('케미', 114), ('끝', 112), ('돈', 109), ('웃음', 109), ('하나', 107), ('개', 106), ('완전', 103), ('계속', 103), ('안', 102), ('역시', 102), ('이해', 100), ('주인공', 100), ('둘', 97), ('함', 96), ('눈물', 94), ('환승', 91), ('지금', 88), ('한국', 88), ('몰입', 88), ('달달', 84)]"
11,"[('영화', 2382), ('공포영화', 1355), ('진짜', 1098), ('공포', 777), ('귀신', 616), ('사람', 536), ('한국', 461), ('더', 440), ('돈', 432), ('그냥', 416), ('소리', 402), ('무서움', 393), ('개', 391), ('보고', 372), ('생각', 365), ('이', 360), ('노잼', 335), ('좀', 334), ('정도', 332), ('때', 328), ('스토리', 321), ('배우', 316), ('정말', 312), ('거', 310), ('점', 309), ('볼', 308), ('처음', 298), ('연기', 292), ('평점', 292), ('별로', 277), ('뭐', 269), ('것', 263), ('안', 261), ('하나', 259), ('장면', 248), ('내', 246), ('왜', 234), ('느낌', 230), ('눈', 226), ('임', 221), ('나', 221), ('알바', 216), ('혼자', 213), ('재미', 204), ('마지막', 198), ('중간', 196), ('시간', 189), ('진심', 188), ('중', 186), ('그', 185), ('내용', 179), ('끝', 177), ('최고', 175), ('함', 175), ('부분', 174), ('초반', 173), ('샬롯', 170), ('후반', 167), ('듯', 163), ('연출', 162), ('영화관', 155), ('감독', 155), ('호', 155), ('제일', 148), ('말', 146), ('저', 144), ('감', 143), ('레이브', 142), ('카운터', 135), ('걸', 135), ('팝콘', 134), ('봄', 132), ('이건', 132), ('집', 130), ('도', 128), ('최악', 127), ('역대', 125), ('계속', 123), ('보지', 122), ('애', 121), ('때문', 118), ('다큐', 116), ('기담', 116), ('긴장감', 116), ('부', 114), ('인', 112), ('수', 112), ('한국영', 112), ('여자', 111), ('기대', 108), ('몰입', 108), ('수준', 107), ('소름', 106), ('나름', 104), ('급식', 104), ('결말', 103), ('개인', 102), ('존나', 102), ('스크린', 102), ('친구', 100)]"
12,"[('영화', 4096), ('원작', 1786), ('감동', 1384), ('손예진', 1279), ('진짜', 900), ('소지섭', 748), ('정말', 738), ('연기', 700), ('눈물', 666), ('더', 558), ('사랑', 500), ('배우', 495), ('최고', 474), ('여운', 458), ('보고', 458), ('생각', 441), ('꼭', 372), ('일본', 369), ('만', 357), ('인생', 339), ('웃기', 311), ('것', 300), ('멜로', 294), ('리메이크', 293), ('사람', 290), ('재미', 289), ('마음', 284), ('한국', 282), ('그냥', 277), ('또', 249), ('이', 247), ('다시', 243), ('스토리', 233), ('울', 232), ('처음', 231), ('감성', 230), ('점', 229), ('때', 227), ('느낌', 227), ('가슴', 226), ('장면', 217), ('볼', 217), ('추천', 210), ('수', 210), ('평점', 208), ('펑펑', 205), ('웃음', 203), ('번', 192), ('나', 189), ('내', 187), ('마지막', 187), ('중간', 187), ('역시', 182), ('좀', 181), ('내용', 177), ('부분', 177), ('말', 177), ('지금', 170), ('저', 169), ('안', 168), ('한번', 167), ('정도', 164), ('시간', 164), ('가족', 160), ('엄마', 158), ('거', 154), ('한국판', 150), ('판', 149), ('작품', 146), ('기대', 145), ('왜', 144), ('이야기', 143), ('계속', 141), ('그', 138), ('내내', 136), ('비교', 133), ('아들', 129), ('슬픔', 126), ('보기', 124), ('듯', 121), ('간만', 121), ('개인', 119), ('로맨스', 118), ('감정', 114), ('코믹', 114), ('아이', 112), ('완전', 110), ('몰입', 109), ('기도', 109), ('봄', 108), ('명작', 105), ('하나', 104), ('조금', 103), ('요소', 102), ('이상', 101), ('함', 100), ('이건', 97), ('제', 93), ('눈', 93), ('분', 92)]"
13,"[('영화', 4004), ('진짜', 1216), ('산사태', 916), ('현실', 730), ('개연', 628), ('사람', 624), ('고구마', 622), ('개', 577), ('경찰', 572), ('말', 568), ('마지막', 547), ('점', 521), ('생각', 517), ('범인', 501), ('스토리', 486), ('연기', 486), ('배우', 455), ('돈', 439), ('이성민', 434), ('평점', 418), ('이', 405), ('주인공', 404), ('감독', 399), ('정말', 393), ('처음', 387), ('장면', 380), ('왜', 376), ('좀', 372), ('그냥', 371), ('볼', 340), ('암', 338), ('보고', 332), ('것', 327), ('최악', 325), ('때', 297), ('스릴러', 295), ('내', 292), ('사회', 291), ('알바', 288), ('스릴', 272), ('시간', 270), ('아파트', 265), ('쓰레기', 263), ('전개', 263), ('거', 261), ('더', 259), ('긴장감', 254), ('나', 251), ('내용', 249), ('뭐', 249), ('임', 248), ('정도', 238), ('이해', 228), ('발암', 223), ('걸', 219), ('끝', 214), ('중간', 205), ('하나', 203), ('도', 193), ('느낌', 187), ('살인', 185), ('재미', 183), ('부분', 181), ('갑자기', 180), ('함', 178), ('메세지', 177), ('안', 175), ('내내', 174), ('그', 170), ('우리', 167), ('연출', 165), ('보지', 163), ('수', 160), ('설정', 154), ('억지', 151), ('공감', 151), ('노잼', 151), ('가족', 150), ('시나리오', 148), ('산', 141), ('듯', 138), ('상황', 138), ('갑', 136), ('욕', 134), ('연기력', 134), ('저', 133), ('집', 130), ('관객', 129), ('별로', 127), ('꼭', 127), ('최고', 125), ('전', 125), ('한국영', 121), ('망치', 121), ('움', 121), ('무관심', 118), ('이건', 117), ('나름', 115), ('무슨', 115), ('때문', 114)]"
14,"[('영화', 1887), ('오달수', 943), ('편', 925), ('김지원', 744), ('시리즈', 709), ('진짜', 637), ('김명민', 493), ('연기', 493), ('재미', 446), ('명탐정', 444), ('스토리', 434), ('조선', 425), ('그냥', 423), ('볼', 404), ('생각', 400), ('점', 395), ('배우', 375), ('평점', 346), ('정말', 331), ('역시', 325), ('코믹', 288), ('기대', 268), ('감동', 267), ('중간', 259), ('시간', 259), ('보고', 255), ('웃음', 251), ('이', 248), ('좀', 243), ('것', 243), ('보기', 238), ('추리', 230), ('돈', 230), ('알바', 216), ('더', 212), ('정도', 207), ('최고', 207), ('사람', 200), ('별로', 199), ('가족', 198), ('개그', 193), ('이번', 192), ('내용', 185), ('이민기', 182), ('왜', 182), ('다음', 180), ('판타지', 177), ('거', 163), ('저', 157), ('웃기', 155), ('콤비', 154), ('노잼', 153), ('편이', 152), ('때', 150), ('케미', 145), ('임', 142), ('처음', 141), ('나', 140), ('마지막', 138), ('듯', 138), ('용', 136), ('때문', 136), ('흡혈귀', 135), ('장면', 134), ('말', 133), ('편도', 131), ('계속', 130), ('개', 129), ('수', 129), ('코미디', 128), ('뭐', 127), ('최악', 127), ('부분', 127), ('요소', 126), ('느낌', 126), ('완전', 125), ('실망', 124), ('함', 124), ('안', 123), ('중', 121), ('킬링타임', 120), ('연출', 113), ('나름', 113), ('감독', 113), ('제일', 113), ('난', 110), ('추천', 110), ('내', 106), ('물', 105), ('탐정', 99), ('이건', 94), ('코드', 93), ('수준', 93), ('그', 90), ('조금', 88), ('전편', 87), ('만', 87), ('억지', 87), ('염력', 86), ('또', 85)]"
15,"[('연기', 1837), ('영화', 1691), ('조승우', 1496), ('배우', 1208), ('스토리', 960), ('지성', 769), ('관상', 497), ('볼', 470), ('연기력', 436), ('역사', 362), ('진짜', 357), ('좀', 315), ('생각', 303), ('왕', 272), ('더', 268), ('그냥', 267), ('점', 260), ('역시', 260), ('내용', 260), ('정말', 258), ('느낌', 256), ('재미', 254), ('최고', 251), ('것', 247), ('안시성', 236), ('이', 233), ('사람', 207), ('추석', 203), ('몰입', 203), ('소재', 199), ('땅', 193), ('전개', 183), ('시간', 178), ('보고', 175), ('조금', 175), ('말', 171), ('가족', 168), ('왜', 166), ('평점', 162), ('백윤식', 161), ('정도', 160), ('함', 158), ('사극', 144), ('노잼', 144), ('기대', 141), ('연출', 140), ('별로', 136), ('끝', 134), ('이야기', 133), ('듯', 132), ('보기', 131), ('그', 130), ('하나', 130), ('때', 129), ('때문', 128), ('뭐', 115), ('감', 113), ('마지막', 112), ('추천', 112), ('저', 110), ('긴장감', 108), ('중간', 107), ('수', 103), ('굿', 103), ('뭔가', 102), ('문채원', 98), ('임', 94), ('부분', 93), ('거', 91), ('몰입도', 90), ('나름', 88), ('감독', 87), ('지루함', 87), ('흥선대원군', 84), ('은', 83), ('안', 82), ('돈', 82), ('유재', 81), ('사실', 81), ('전체', 80), ('개연', 80), ('무난', 80), ('개인', 79), ('역할', 78), ('나', 78), ('욕심', 76), ('궁합', 76), ('알바', 76), ('약간', 76), ('개', 75), ('캐릭터', 75), ('결말', 75), ('만', 74), ('모두', 74), ('봄', 74), ('처음', 73), ('아주', 73), ('장면', 73), ('내', 72), ('승', 72)]"
16,"[('현빈', 2578), ('영화', 2218), ('손예진', 1662), ('연기', 1412), ('배우', 729), ('진짜', 714), ('스토리', 625), ('볼', 496), ('긴장감', 438), ('시간', 425), ('생각', 375), ('점', 336), ('연기력', 319), ('이', 306), ('정말', 304), ('최고', 303), ('악역', 284), ('그냥', 282), ('내용', 271), ('좀', 254), ('평점', 250), ('더', 243), ('기대', 231), ('보고', 228), ('몰입', 225), ('왜', 223), ('재미', 222), ('반전', 217), ('역시', 210), ('마지막', 209), ('결말', 207), ('얼굴', 206), ('것', 203), ('알바', 194), ('끝', 192), ('돈', 191), ('안시성', 185), ('정도', 180), ('함', 178), ('추천', 165), ('말', 159), ('추석', 158), ('안', 156), ('사람', 155), ('제목', 154), ('한국영', 154), ('때', 153), ('꼭', 151), ('전개', 150), ('거', 149), ('임', 146), ('느낌', 136), ('수', 134), ('감', 134), ('집', 133), ('처음', 133), ('뭐', 131), ('완전', 128), ('나름', 128), ('듯', 124), ('보기', 116), ('인질', 114), ('내내', 112), ('대박', 112), ('몰입도', 111), ('저', 110), ('개', 109), ('이상', 109), ('별로', 108), ('하나', 105), ('굿', 104), ('현실', 102), ('대안', 101), ('한국', 100), ('조금', 100), ('나', 99), ('도', 98), ('노잼', 98), ('그', 98), ('걸', 97), ('장면', 97), ('중간', 97), ('스릴', 96), ('킬링타임', 95), ('또', 95), ('명당', 93), ('은', 93), ('때문', 92), ('만', 92), ('한번', 91), ('감독', 90), ('시나리오', 90), ('짱', 89), ('중', 89), ('연출', 87), ('집중', 87), ('용', 86), ('두', 86), ('존잘', 86), ('긴장', 85)]"
17,"[('영화', 7160), ('힐링', 2682), ('마음', 958), ('생각', 586), ('시골', 576), ('정말', 545), ('것', 529), ('보고', 514), ('느낌', 476), ('음식', 446), ('수', 441), ('나', 439), ('김태리', 439), ('진짜', 436), ('때', 424), ('원작', 393), ('더', 385), ('기분', 382), ('요리', 358), ('그냥', 352), ('이', 325), ('내내', 314), ('배우', 302), ('내', 286), ('시간', 281), ('자연', 279), ('사람', 271), ('일본', 265), ('삶', 252), ('최고', 239), ('추천', 234), ('인생', 233), ('연기', 231), ('그', 230), ('만', 228), ('위로', 223), ('친구', 220), ('꼭', 216), ('볼', 215), ('귀농', 210), ('또', 207), ('한국', 193), ('말', 192), ('보기', 189), ('숲', 188), ('현실', 183), ('자극', 183), ('엄마', 183), ('다시', 181), ('처음', 175), ('끼', 174), ('저', 174), ('영상', 171), ('장면', 166), ('사계절', 158), ('미소', 156), ('재미', 155), ('살', 154), ('평점', 154), ('점', 151), ('눈', 151), ('듯', 148), ('한번', 148), ('먹방', 146), ('일상', 145), ('속', 145), ('스토리', 143), ('하나', 142), ('생활', 142), ('시세', 140), ('잠시', 137), ('곳', 137), ('감동', 136), ('농촌', 131), ('공감', 130), ('좀', 129), ('봄', 129), ('집', 128), ('여운', 127), ('계절', 125), ('감독', 125), ('풍경', 124), ('조금', 123), ('자체', 122), ('거', 120), ('류준열', 118), ('도시', 117), ('판', 117), ('내용', 114), ('청춘', 111), ('왜', 110), ('행복', 110), ('우리', 110), ('안', 109), ('밥', 109), ('번', 108), ('제대로', 108), ('돈', 108), ('지금', 104), ('맛', 103)]"
18,"[('영화', 3409), ('강동원', 2124), ('진짜', 901), ('점', 707), ('배우', 631), ('평점', 584), ('스토리', 543), ('연기', 535), ('생각', 474), ('감동', 472), ('그냥', 435), ('이', 416), ('보고', 404), ('정말', 400), ('돈', 383), ('볼', 382), ('왜', 380), ('개연', 356), ('것', 355), ('시간', 349), ('친구', 345), ('사람', 337), ('내용', 336), ('얼굴', 327), ('알바', 320), ('한효주', 291), ('좀', 286), ('최악', 281), ('내', 268), ('원작', 266), ('더', 265), ('재미', 259), ('거', 248), ('말', 244), ('뭐', 244), ('감독', 235), ('처음', 223), ('우정', 221), ('느낌', 214), ('정도', 212), ('개', 211), ('나', 206), ('수', 205), ('중간', 205), ('끝', 202), ('하나', 191), ('노잼', 179), ('결말', 178), ('마지막', 178), ('이건', 174), ('임', 168), ('때', 167), ('별로', 166), ('저', 165), ('연출', 165), ('보기', 162), ('도', 161), ('때문', 155), ('음악', 155), ('억지', 148), ('걸', 145), ('장면', 145), ('염력', 144), ('긴장감', 138), ('댓글', 138), ('안', 136), ('기대', 132), ('전개', 132), ('그', 129), ('보지', 128), ('난', 128), ('듯', 127), ('노래', 120), ('일본', 119), ('액션', 119), ('진심', 118), ('나름', 117), ('꼭', 117), ('부분', 117), ('역시', 115), ('함', 115), ('가족', 113), ('쓰레기', 108), ('추천', 107), ('조작', 107), ('초반', 105), ('작품', 105), ('동원', 103), ('한번', 101), ('장르', 100), ('못', 99), ('이해', 97), ('감', 97), ('몰입', 96), ('리얼', 94), ('최고', 94), ('눈', 93), ('만', 93), ('점도', 89), ('한국', 88)]"
19,"[('영화', 2659), ('이승기', 1139), ('연기', 742), ('심은경', 530), ('볼', 488), ('진짜', 477), ('생각', 468), ('배우', 457), ('스토리', 420), ('보기', 387), ('평점', 383), ('그냥', 380), ('점', 380), ('사극', 345), ('재미', 315), ('돈', 307), ('알바', 291), ('보고', 291), ('시간', 289), ('관상', 279), ('이', 273), ('사랑', 272), ('정말', 246), ('더', 245), ('것', 243), ('봄', 235), ('중간', 227), ('내용', 226), ('수', 223), ('느낌', 219), ('좀', 218), ('사람', 209), ('기대', 207), ('드라마', 176), ('왜', 171), ('정도', 170), ('노잼', 169), ('기분', 167), ('저', 163), ('최악', 160), ('영상', 157), ('인생', 154), ('내', 152), ('뭐', 144), ('감동', 143), ('거', 138), ('나', 135), ('만', 135), ('승기', 132), ('로맨스', 132), ('웃음', 131), ('함', 131), ('별로', 123), ('듯', 121), ('마지막', 117), ('가족', 117), ('처음', 116), ('안', 112), ('임', 111), ('용', 110), ('말', 110), ('전개', 109), ('하나', 109), ('장면', 108), ('눈', 107), ('나름', 105), ('대사', 105), ('때', 104), ('코미디', 104), ('도윤', 103), ('개', 100), ('코믹', 100), ('무엇', 100), ('추천', 99), ('움', 98), ('댓글', 98), ('소재', 93), ('마음', 93), ('역시', 92), ('부분', 92), ('조금', 91), ('끝', 90), ('킬링타임', 90), ('상큼', 89), ('또', 88), ('걸', 85), ('완전', 84), ('도', 84), ('주인공', 83), ('그', 80), ('때문', 79), ('연기력', 78), ('꼭', 78), ('대안', 77), ('개연', 76), ('실망', 75), ('상미', 75), ('수준', 73), ('목소리', 73), ('조복', 72)]"
20,"[('반전', 1383), ('영화', 1303), ('연기', 649), ('김강우', 486), ('진짜', 382), ('스토리', 336), ('생각', 301), ('스릴러', 291), ('배우', 285), ('볼', 283), ('원작', 266), ('더', 261), ('알바', 217), ('김상경', 213), ('시간', 208), ('평점', 186), ('정말', 186), ('긴장감', 185), ('그냥', 181), ('결말', 177), ('좀', 170), ('연기력', 170), ('김희애', 168), ('점', 165), ('느낌', 161), ('보고', 161), ('마지막', 160), ('정도', 150), ('몰입', 148), ('연출', 142), ('예상', 141), ('바디', 140), ('것', 126), ('돈', 124), ('재미', 121), ('최고', 118), ('스릴', 118), ('사람', 117), ('기대', 117), ('대박', 116), ('이', 114), ('추천', 110), ('내용', 104), ('못', 103), ('거', 102), ('별로', 98), ('노잼', 98), ('전개', 95), ('끝', 93), ('왜', 92), ('만', 91), ('나름', 90), ('중간', 86), ('조금', 85), ('한국', 85), ('리메이크', 85), ('부분', 85), ('집중', 85), ('몰입도', 84), ('꼭', 83), ('밤', 82), ('듯', 82), ('말', 81), ('감', 79), ('저', 78), ('처음', 78), ('내', 77), ('뭐', 76), ('안', 76), ('초반', 75), ('임', 75), ('개', 73), ('한국영', 73), ('억지', 73), ('함', 68), ('수', 68), ('형사', 65), ('하나', 64), ('완전', 63), ('때', 60), ('그', 59), ('소름', 59), ('줄', 58), ('역시', 58), ('알', 57), ('작품', 57), ('뭔가', 56), ('개연', 55), ('감독', 54), ('중반', 54), ('나', 53), ('후반', 50), ('간만', 50), ('긴장', 49), ('굿', 49), ('드라마', 47), ('내내', 46), ('댓글', 46), ('약간', 46), ('보기', 45)]"
21,"[('영화', 1344), ('바람', 453), ('생각', 358), ('그냥', 326), ('진짜', 292), ('배우', 250), ('볼', 221), ('불륜', 188), ('연기', 186), ('점', 186), ('알바', 184), ('재미', 181), ('평점', 179), ('돈', 173), ('감독', 165), ('보고', 159), ('보기', 158), ('코미디', 158), ('사람', 157), ('시간', 145), ('내용', 142), ('왜', 133), ('스물', 132), ('정말', 129), ('송지효', 122), ('이', 118), ('것', 117), ('이성민', 110), ('난', 107), ('뭐', 105), ('더', 104), ('노잼', 103), ('이엘', 103), ('좀', 99), ('코믹', 97), ('저', 96), ('거', 93), ('말', 92), ('스토리', 90), ('기대', 87), ('웃음', 85), ('웃기', 84), ('나', 84), ('소재', 83), ('정도', 82), ('대사', 79), ('중간', 79), ('별로', 76), ('신하균', 75), ('나름', 73), ('수', 72), ('개', 71), ('이병헌', 70), ('함', 70), ('장면', 67), ('느낌', 66), ('쓰레기', 66), ('임', 65), ('걸', 64), ('처음', 62), ('내', 62), ('때', 61), ('만', 61), ('킬링타임', 60), ('추천', 59), ('현실', 58), ('기분', 57), ('공감', 56), ('반전', 54), ('간만', 53), ('움', 53), ('하나', 53), ('듯', 53), ('발암', 53), ('바람바람', 52), ('용', 52), ('안', 51), ('매력', 51), ('부부', 50), ('코드', 49), ('이해', 48), ('감동', 48), ('역시', 48), ('부분', 47), ('완전', 47), ('잼', 46), ('끝', 46), ('막장', 46), ('이건', 45), ('최악', 45), ('그', 44), ('작품', 44), ('뭔가', 44), ('제목', 43), ('아주', 43), ('최고', 42), ('의미', 41), ('남자', 41), ('보지', 41), ('봄', 39)]"
22,"[('영화', 1338), ('마동석', 745), ('감동', 399), ('스토리', 373), ('가족', 280), ('볼', 246), ('연기', 213), ('그냥', 205), ('진짜', 199), ('재미', 198), ('점', 190), ('마블리', 189), ('팔씨름', 182), ('보기', 180), ('배우', 171), ('생각', 155), ('평점', 148), ('보고', 143), ('더', 138), ('정말', 137), ('노잼', 114), ('돈', 114), ('사람', 113), ('좀', 112), ('것', 111), ('왜', 110), ('내용', 104), ('중간', 98), ('권율', 97), ('이', 96), ('웃음', 96), ('알바', 91), ('수', 90), ('기대', 87), ('결말', 87), ('역시', 87), ('신파', 85), ('거', 84), ('가족영화', 83), ('정도', 82), ('난', 80), ('저', 80), ('코믹', 80), ('어벤져스', 80), ('한국영', 79), ('시간', 79), ('때', 73), ('감독', 71), ('나름', 70), ('뭐', 69), ('추천', 69), ('애기', 66), ('아이', 63), ('안', 60), ('나', 60), ('끼리', 59), ('듯', 58), ('임', 56), ('걸', 55), ('전', 55), ('소재', 54), ('그', 54), ('연출', 54), ('애', 53), ('한예리', 53), ('장면', 52), ('때문', 52), ('억지', 51), ('캐릭터', 51), ('한국', 51), ('킬링타임', 51), ('팔뚝', 51), ('눈물', 50), ('이건', 50), ('용', 49), ('드라마', 49), ('함', 48), ('개그', 47), ('조금', 47), ('마', 45), ('움', 45), ('마지막', 44), ('별로', 43), ('느낌', 43), ('내', 43), ('수준', 42), ('개', 42), ('최고', 41), ('부분', 41), ('개인', 41), ('잼', 40), ('이야기', 40), ('팬', 40), ('클레멘타인', 39), ('전개', 39), ('하나', 39), ('엄마', 38), ('남', 38), ('한번', 38), ('예상', 38)]"
23,"[('영화', 3226), ('진짜', 656), ('점', 595), ('이', 576), ('생각', 562), ('평점', 535), ('감독', 530), ('돈', 488), ('연기', 476), ('류승룡', 449), ('정유미', 421), ('보고', 388), ('볼', 384), ('그냥', 368), ('정말', 366), ('배우', 365), ('왜', 362), ('부산', 358), ('더', 344), ('행', 342), ('사람', 335), ('것', 335), ('재미', 316), ('시간', 303), ('정도', 294), ('소재', 288), ('나', 284), ('내', 275), ('스토리', 274), ('초능력', 268), ('좀', 261), ('히어로', 258), ('한국', 255), ('거', 226), ('최악', 226), ('뭐', 222), ('말', 217), ('상호', 210), ('감동', 209), ('기대', 204), ('수', 202), ('때', 199), ('저', 196), ('리얼', 190), ('코미디', 184), ('꼭', 181), ('처음', 181), ('심은경', 172), ('웃음', 172), ('이건', 171), ('내용', 162), ('안', 154), ('난', 152), ('보기', 151), ('걸', 151), ('사회', 150), ('최고', 149), ('현실', 148), ('염병', 147), ('듯', 147), ('임', 144), ('알바', 144), ('중간', 141), ('그', 137), ('노잼', 131), ('나름', 131), ('개', 126), ('장면', 126), ('수준', 124), ('하나', 124), ('물', 122), ('느낌', 121), ('도', 121), ('한국영', 120), ('쓰레기', 114), ('관객', 112), ('용산참사', 111), ('보지', 111), ('인생', 110), ('이영화', 109), ('함', 108), ('클레멘타인', 108), ('제', 108), ('작품', 107), ('전', 106), ('급', 106), ('개연', 104), ('연출', 100), ('댓글', 98), ('역시', 97), ('추천', 95), ('욕', 95), ('요', 95), ('끝', 94), ('만', 93), ('코믹', 93), ('완전', 92), ('별로', 88), ('실망', 87), ('한번', 87)]"
24,"[('영화', 3251), ('점', 901), ('액션', 843), ('강동원', 812), ('평점', 737), ('배우', 734), ('진짜', 666), ('왜', 645), ('스토리', 641), ('감독', 584), ('원작', 564), ('한효주', 562), ('이', 552), ('돈', 523), ('생각', 442), ('정우성', 434), ('보고', 431), ('내용', 403), ('볼', 402), ('그냥', 371), ('사람', 370), ('연기', 365), ('것', 355), ('정말', 349), ('좀', 348), ('더', 340), ('정도', 338), ('노잼', 324), ('시간', 316), ('말', 312), ('멜로', 309), ('리얼', 304), ('나', 302), ('김지운', 297), ('거', 295), ('뭐', 283), ('재미', 272), ('내', 269), ('이해', 258), ('최악', 239), ('걸', 238), ('개', 227), ('개연', 220), ('이건', 203), ('하나', 203), ('안', 203), ('테러', 203), ('임', 194), ('때문', 192), ('작품', 192), ('느낌', 191), ('알바', 183), ('때', 181), ('쓰레기', 179), ('난민', 175), ('그', 175), ('난', 171), ('처음', 166), ('저', 165), ('기대', 162), ('부분', 161), ('별로', 159), ('수준', 158), ('도', 154), ('로맨스', 154), ('연출', 153), ('망작', 152), ('얼굴', 150), ('한국', 147), ('중간', 147), ('함', 146), ('애니', 146), ('꼭', 140), ('끝', 139), ('댓글', 139), ('듯', 139), ('수', 138), ('나름', 134), ('보지', 131), ('한국영', 129), ('관객', 128), ('못', 127), ('최고', 126), ('무슨', 122), ('이야기', 118), ('눈', 115), ('전개', 110), ('보기', 110), ('신', 110), ('장면', 109), ('씬', 107), ('인생', 106), ('역시', 106), ('별', 105), ('소리', 104), ('전', 101), ('자체', 100), ('액션씬', 100), ('평가', 99), ('움', 98)]"
25,"[('아이', 651), ('살', 497), ('아들', 486), ('공룡', 246), ('카봇', 212), ('집중', 163), ('영화', 156), ('어른', 120), ('애', 118), ('보고', 91), ('또', 91), ('정말', 84), ('시간', 83), ('저', 80), ('더', 67), ('세', 67), ('보기', 65), ('최고', 62), ('딸', 59), ('스토리', 57), ('헬로', 54), ('중간', 52), ('끝', 45), ('처음', 44), ('로봇', 43), ('아빠', 43), ('엄마', 43), ('생각', 42), ('좀', 42), ('때', 41), ('내용', 41), ('재미', 40), ('아주', 38), ('완전', 36), ('극장판', 33), ('우리', 32), ('노래', 32), ('조금', 32), ('관람', 31), ('요', 30), ('초집', 30), ('극장', 30), ('눈', 30), ('안', 30), ('감동', 29), ('영화관', 29), ('방학', 29), ('제', 28), ('볼', 28), ('것', 24), ('진짜', 24), ('퀄리티', 23), ('재미나', 22), ('번', 22), ('잼', 22), ('굿', 21), ('실감', 21), ('한번', 20), ('역시', 19), ('딸아이', 19), ('정도', 19), ('개월', 19), ('변신', 18), ('집', 18), ('도', 18), ('조합', 18), ('해', 18), ('추천', 18), ('강추', 18), ('계속', 17), ('달라', 17), ('그래픽', 17), ('이야기', 17), ('애니메이션', 16), ('가족', 16), ('모두', 16), ('울', 16), ('시계', 16), ('깔깔', 16), ('애기', 15), ('기대', 15), ('전', 15), ('상영', 15), ('용', 15), ('장면', 15), ('얘기', 14), ('티비', 14), ('무척', 14), ('친구', 14), ('재밋', 14), ('내내', 14), ('남자', 14), ('푹', 14), ('대요', 14), ('나름', 14), ('살딸', 13), ('조카', 13), ('그냥', 13), ('수', 13), ('느낌', 13)]"
26,"[('영화', 1650), ('배우', 681), ('수애', 481), ('감독', 402), ('연기', 324), ('돈', 316), ('점', 298), ('스토리', 298), ('진짜', 271), ('생각', 248), ('박해일', 240), ('이', 238), ('평점', 232), ('왜', 219), ('그냥', 212), ('볼', 206), ('것', 201), ('보고', 196), ('내용', 175), ('신', 157), ('사람', 155), ('좀', 148), ('시간', 146), ('정말', 144), ('윤제문', 139), ('베드', 138), ('노출', 131), ('욕망', 127), ('뭐', 123), ('더', 114), ('쓰레기', 113), ('말', 112), ('야동', 111), ('장면', 107), ('별로', 105), ('현실', 103), ('최악', 102), ('거', 101), ('내', 99), ('작품', 96), ('결말', 96), ('느낌', 96), ('정도', 95), ('움', 95), ('재미', 94), ('그', 93), ('기대', 93), ('안', 93), ('듯', 87), ('걸', 87), ('나', 80), ('사회', 79), ('리얼', 79), ('연기력', 79), ('눈', 78), ('때문', 78), ('중간', 76), ('노잼', 75), ('마지막', 73), ('저', 72), ('개', 71), ('임', 68), ('역시', 67), ('알바', 64), ('뭘', 64), ('배드', 63), ('연출', 63), ('똥', 62), ('기분', 62), ('함', 62), ('수준', 62), ('이해', 62), ('끝', 61), ('보지', 61), ('수', 60), ('하나', 60), ('도', 59), ('포르노', 58), ('출연', 56), ('무슨', 55), ('마오', 55), ('김규선', 55), ('점도', 55), ('실망', 54), ('시나리오', 54), ('삼류', 53), ('마무리', 53), ('일본', 51), ('나름', 51), ('때', 51), ('예술', 51), ('드라마', 51), ('표현', 50), ('한국영', 50), ('이야기', 50), ('처음', 50), ('관객', 49), ('개연', 49), ('보기', 49), ('부자', 48)]"
27,"[('영화', 1140), ('유해진', 366), ('진짜', 232), ('돈', 212), ('평점', 211), ('점', 198), ('생각', 180), ('감동', 179), ('배우', 170), ('그냥', 165), ('왜', 151), ('연기', 140), ('보고', 135), ('이성경', 134), ('내용', 132), ('볼', 130), ('재미', 122), ('이', 115), ('정말', 112), ('스토리', 111), ('시간', 109), ('가족', 106), ('아들', 105), ('아빠', 103), ('말', 97), ('좀', 96), ('보기', 94), ('것', 92), ('뭐', 91), ('더', 90), ('저', 83), ('레슬링', 82), ('내', 82), ('나', 81), ('황우슬혜', 80), ('사람', 79), ('정도', 78), ('거', 77), ('중간', 77), ('감독', 75), ('보지', 74), ('친구', 72), ('설정', 66), ('사랑', 65), ('제목', 64), ('최악', 64), ('난', 62), ('처음', 61), ('웃음', 61), ('안', 58), ('걸', 58), ('노잼', 58), ('한국영', 54), ('쓰레기', 53), ('역시', 53), ('그', 51), ('기대', 50), ('임', 50), ('이건', 50), ('알바', 49), ('이야기', 49), ('때', 49), ('때문', 47), ('나름', 47), ('제발', 47), ('코믹', 46), ('여자', 46), ('부모', 46), ('수', 46), ('김민재', 46), ('장면', 45), ('개', 45), ('테러', 45), ('이해', 44), ('챔피언', 43), ('느낌', 42), ('함', 40), ('가족영화', 40), ('아버지', 40), ('인생', 39), ('막장', 38), ('무슨', 38), ('꼭', 37), ('부분', 37), ('별로', 37), ('코미디', 37), ('애', 36), ('엄마', 36), ('듯', 36), ('자식', 36), ('아저씨', 35), ('당', 35), ('남자', 35), ('한국', 35), ('어벤져스', 35), ('못', 34), ('게', 34), ('억지', 33), ('추천', 32), ('뭘', 32)]"
28,"[('영화', 1889), ('혜리', 1105), ('연기', 849), ('점', 541), ('평점', 532), ('볼', 516), ('진짜', 423), ('김명민', 417), ('배우', 392), ('생각', 388), ('돈', 358), ('왜', 338), ('그냥', 322), ('보고', 320), ('시간', 307), ('스토리', 303), ('좀', 280), ('정도', 274), ('괴물', 255), ('조선', 232), ('더', 223), ('정말', 221), ('이', 218), ('재미', 202), ('것', 198), ('사람', 194), ('광구', 191), ('나', 182), ('감독', 180), ('저', 179), ('때', 176), ('도', 173), ('내', 171), ('기대', 161), ('나름', 153), ('뭐', 151), ('명탐정', 150), ('말', 150), ('인', 150), ('노잼', 148), ('발연기', 146), ('거', 146), ('알바', 146), ('난', 145), ('보기', 143), ('테러', 142), ('연기력', 133), ('안', 130), ('수준', 124), ('킬링타임', 123), ('함', 116), ('중간', 114), ('걸', 113), ('액션', 112), ('용', 109), ('느낌', 109), ('리얼', 103), ('김인권', 103), ('한국영', 102), ('내용', 101), ('때문', 100), ('처음', 99), ('그', 98), ('개', 94), ('임', 94), ('이건', 93), ('사극', 93), ('추천', 93), ('최악', 88), ('댓글', 86), ('피', 86), ('별로', 84), ('듯', 84), ('한국', 82), ('마지막', 82), ('수', 82), ('장면', 81), ('꼭', 81), ('오락', 80), ('제발', 78), ('초롱', 78), ('역시', 77), ('줄', 77), ('욕', 76), ('하나', 75), ('진심', 74), ('최우식', 74), ('못', 73), ('추석', 73), ('작품', 72), ('조선시대', 71), ('아이돌', 71), ('물', 71), ('보지', 70), ('가족', 70), ('봄', 69), ('전', 67), ('대안', 67), ('최고', 67), ('문제', 66)]"
29,"[('아이', 850), ('애', 176), ('살', 171), ('금비', 149), ('신비', 134), ('영화', 132), ('아들', 110), ('시간', 108), ('아파트', 91), ('보기', 82), ('어른', 81), ('딸', 75), ('더', 74), ('저', 65), ('재미', 62), ('티비', 61), ('좀', 61), ('집중', 60), ('정말', 58), ('볼', 55), ('보고', 54), ('세', 52), ('사투리', 48), ('또', 45), ('스토리', 45), ('생각', 42), ('극장판', 41), ('진짜', 40), ('조금', 37), ('강림', 36), ('해', 34), ('꼭', 33), ('감동', 33), ('내용', 33), ('우리', 32), ('추천', 31), ('그냥', 30), ('잼', 30), ('때', 28), ('만화', 27), ('엄마', 26), ('아주', 26), ('딸아이', 25), ('극장', 24), ('방학', 24), ('상영', 24), ('최고', 23), ('애기', 23), ('다음', 22), ('완전', 22), ('대요', 22), ('관람', 21), ('거', 21), ('말', 20), ('도깨비', 20), ('귀신', 20), ('별로', 20), ('중간', 18), ('역시', 18), ('조카', 17), ('초', 17), ('기대', 16), ('요', 16), ('정도', 16), ('재미나', 16), ('점', 15), ('애가', 15), ('이야기', 15), ('끝', 15), ('애니메이션', 15), ('용', 15), ('영상', 15), ('뭐', 14), ('한국', 14), ('영화관', 14), ('것', 14), ('애니', 14), ('어린이', 14), ('학년', 14), ('나름', 14), ('친구', 13), ('함', 13), ('꿀잼', 13), ('시리즈', 13), ('집', 13), ('한번', 13), ('무척', 13), ('캐릭터', 13), ('둘', 12), ('강추', 12), ('제', 12), ('짱', 12), ('금방', 12), ('동생', 12), ('살짝', 12), ('기분', 11), ('느낌', 11), ('계속', 11), ('아빠', 11), ('전', 11)]"
30,"[('영화', 3932), ('유아인', 866), ('생각', 713), ('연기', 703), ('감독', 671), ('이창동', 595), ('것', 590), ('이', 501), ('사람', 444), ('점', 427), ('진짜', 397), ('보고', 374), ('평점', 366), ('말', 349), ('배우', 346), ('시간', 337), ('이해', 332), ('그', 296), ('돈', 295), ('수', 281), ('정말', 274), ('작품', 268), ('나', 263), ('내', 262), ('재미', 258), ('왜', 247), ('청춘', 246), ('더', 246), ('그냥', 243), ('종수', 231), ('연출', 231), ('최고', 230), ('의미', 229), ('내용', 227), ('느낌', 225), ('뭐', 213), ('좀', 209), ('예술', 207), ('연', 202), ('역시', 192), ('하나', 185), ('결말', 184), ('스티븐', 184), ('노잼', 180), ('빛', 176), ('장면', 174), ('메타포', 169), ('해석', 169), ('해', 168), ('끝', 164), ('처음', 153), ('스토리', 149), ('볼', 148), ('소설', 146), ('아인', 146), ('거', 145), ('여운', 144), ('현실', 143), ('하루키', 143), ('계속', 140), ('관객', 138), ('속', 138), ('뭘', 136), ('우리', 131), ('임', 130), ('몰입', 129), ('때문', 127), ('이야기', 126), ('저', 122), ('걸', 121), ('듯', 120), ('안', 117), ('때', 116), ('난', 115), ('인생', 115), ('연기력', 114), ('자체', 113), ('별로', 111), ('개', 110), ('보지', 109), ('한국', 107), ('표현', 104), ('시대', 103), ('감', 103), ('최악', 103), ('대한', 102), ('전종', 101), ('알', 100), ('삶', 99), ('만', 99), ('한번', 98), ('분노', 97), ('칸', 97), ('내내', 96), ('테러', 95), ('마지막', 95), ('이영화', 95), ('분', 92), ('긴장감', 91), ('무엇', 91)]"
31,"[('영화', 1654), ('연기', 741), ('장동건', 597), ('배우', 498), ('진짜', 413), ('원작', 324), ('류승룡', 269), ('소설', 257), ('책', 227), ('내용', 215), ('스토리', 214), ('평점', 206), ('보고', 204), ('왜', 202), ('정말', 200), ('시간', 198), ('점', 194), ('생각', 183), ('것', 179), ('사람', 178), ('이', 173), ('처음', 173), ('말', 168), ('감독', 167), ('돈', 153), ('그냥', 151), ('연기력', 150), ('최악', 139), ('더', 139), ('재미', 131), ('좀', 131), ('내', 125), ('연출', 119), ('분위기', 119), ('느낌', 118), ('볼', 118), ('뭐', 116), ('스릴러', 116), ('이해', 114), ('거', 113), ('몰입', 109), ('정도', 106), ('긴장감', 96), ('수', 95), ('그', 95), ('끝', 95), ('송새벽', 95), ('듯', 93), ('캐릭터', 88), ('하나', 87), ('작품', 86), ('부', 85), ('노잼', 84), ('뭘', 80), ('중간', 80), ('최고', 80), ('알바', 79), ('안', 78), ('인생', 77), ('이야기', 76), ('나', 76), ('보지', 75), ('전개', 74), ('장면', 74), ('함', 71), ('개', 71), ('기분', 70), ('내내', 70), ('염력', 69), ('감', 68), ('걸', 67), ('역시', 66), ('밤', 62), ('임', 62), ('건', 62), ('때', 60), ('애', 58), ('무슨', 58), ('난', 57), ('아버지', 55), ('기대', 55), ('복수', 54), ('마을', 54), ('개연', 54), ('때문', 53), ('이건', 53), ('령', 52), ('별로', 52), ('못', 51), ('또', 51), ('쓰레기', 50), ('조금', 50), ('움', 50), ('도', 49), ('마지막', 49), ('결말', 49), ('저', 48), ('관객', 47), ('집중', 47), ('몰입도', 47)]"
32,"[('영화', 1870), ('박정민', 662), ('배우', 616), ('연기', 519), ('랩', 386), ('진짜', 346), ('감독', 296), ('정말', 288), ('김고은', 268), ('이준익', 251), ('감동', 237), ('생각', 214), ('스토리', 183), ('이', 173), ('힐링', 172), ('보고', 160), ('최고', 156), ('것', 156), ('고향', 155), ('재미', 150), ('노을', 146), ('그냥', 144), ('사람', 136), ('왜', 135), ('내', 134), ('중간', 131), ('볼', 127), ('더', 123), ('사투리', 121), ('점', 120), ('개연', 119), ('만', 119), ('하나', 116), ('평점', 116), ('시간', 115), ('내용', 112), ('말', 109), ('좀', 109), ('웃음', 109), ('청춘', 109), ('기대', 104), ('수', 103), ('마음', 101), ('그', 98), ('느낌', 97), ('꼭', 93), ('아버지', 89), ('장면', 89), ('때', 84), ('연기력', 83), ('이야기', 82), ('역시', 81), ('추천', 80), ('나', 80), ('이해', 80), ('뭐', 76), ('가사', 75), ('친구', 74), ('인생', 73), ('처음', 72), ('저', 71), ('거', 71), ('마지막', 69), ('주인공', 68), ('돈', 68), ('기분', 68), ('듯', 66), ('공감', 65), ('작품', 65), ('다시', 64), ('안', 62), ('또', 62), ('간만', 61), ('감성', 61), ('부분', 61), ('사랑', 59), ('매력', 58), ('내내', 58), ('끝', 57), ('캐릭터', 57), ('눈물', 56), ('정도', 54), ('용서', 53), ('전개', 52), ('개', 52), ('함', 50), ('계속', 49), ('모두', 49), ('보기', 49), ('연출', 48), ('알바', 48), ('대박', 47), ('쓰레기', 46), ('억지', 46), ('별로', 46), ('번', 45), ('신파', 45), ('임', 45), ('시나리오', 44), ('못', 44)]"
33,"[('영화', 3380), ('연기', 1411), ('정우성', 1329), ('생각', 800), ('곽도원', 750), ('배우', 632), ('스토리', 621), ('현실', 586), ('정말', 562), ('북한', 482), ('진짜', 442), ('볼', 414), ('재미', 382), ('최고', 372), ('것', 333), ('내용', 315), ('점', 308), ('남북', 307), ('더', 306), ('좀', 275), ('시간', 266), ('말', 257), ('신', 252), ('감독', 235), ('감동', 235), ('꼭', 231), ('이', 228), ('중간', 226), ('소재', 221), ('기대', 220), ('우리', 217), ('액션', 213), ('보고', 209), ('수', 207), ('전쟁', 199), ('연기력', 196), ('핵', 195), ('다시', 189), ('상황', 186), ('그냥', 186), ('평점', 175), ('사람', 174), ('추천', 169), ('몰입', 164), ('분단', 162), ('한번', 162), ('시나리오', 158), ('느낌', 157), ('주제', 157), ('긴장감', 156), ('정도', 156), ('이상', 148), ('부분', 148), ('전개', 147), ('왜', 147), ('한국영', 147), ('조금', 147), ('결말', 143), ('우리나라', 143), ('만', 140), ('함', 140), ('굿', 140), ('연출', 138), ('장면', 127), ('듯', 126), ('한반도', 126), ('모두', 126), ('중', 125), ('정치', 125), ('때', 125), ('역시', 123), ('거', 123), ('한국', 122), ('아주', 122), ('하나', 117), ('통일', 117), ('완전', 117), ('마지막', 117), ('스케일', 117), ('임', 116), ('안', 113), ('미국', 113), ('이야기', 113), ('작품', 112), ('김정은', 110), ('실감', 109), ('감', 109), ('나름', 109), ('대해', 108), ('지금', 105), ('그', 105), ('케미', 105), ('끝', 104), ('두', 102), ('상영', 100), ('도', 96), ('때문', 96), ('잼', 96), ('수작', 95), ('자체', 94)]"
34,"[('흥부', 1925), ('세상', 1910), ('글', 1899), ('자', 1242), ('영화', 661), ('김주혁', 495), ('배우', 434), ('연기', 295), ('감독', 198), ('스토리', 163), ('진짜', 135), ('점', 119), ('평점', 119), ('유작', 117), ('볼', 103), ('마지막', 102), ('생각', 97), ('정말', 91), ('개연', 90), ('감동', 89), ('내용', 88), ('작품', 87), ('것', 84), ('그냥', 77), ('재미', 75), ('보고', 74), ('말', 72), ('정우', 71), ('더', 71), ('자영', 67), ('수', 66), ('이', 64), ('정도', 60), ('흥부전', 60), ('돈', 57), ('고', 56), ('그', 56), ('좀', 54), ('느낌', 54), ('연출', 54), ('장면', 53), ('이야기', 52), ('사람', 51), ('왜', 50), ('전개', 47), ('김완선', 47), ('자고', 47), ('노잼', 44), ('부분', 44), ('내', 44), ('성추행', 43), ('최악', 42), ('흥', 41), ('혁', 41), ('듯', 40), ('임', 40), ('놀부', 38), ('때문', 38), ('시간', 38), ('중간', 38), ('가족', 38), ('자정', 37), ('안', 36), ('별로', 36), ('처음', 36), ('거', 35), ('연기력', 35), ('다시', 35), ('소재', 34), ('걸', 34), ('쓰레기', 34), ('부모님', 34), ('자아', 33), ('해석', 33), ('뭐', 32), ('끝', 31), ('개', 31), ('때', 31), ('저', 30), ('보기', 30), ('하나', 28), ('이건', 28), ('알바', 27), ('조금', 26), ('수준', 26), ('함', 26), ('꼭', 25), ('정해', 25), ('대사', 24), ('한번', 24), ('산', 23), ('자기', 23), ('역시', 23), ('나', 22), ('후반', 22), ('실망', 22), ('뭘', 21), ('흥부가', 21), ('기억', 21), ('재', 21)]"
35,"[('영화', 1132), ('마동석', 674), ('기대', 338), ('김영광', 335), ('감동', 320), ('배우', 235), ('가족', 188), ('스토리', 185), ('진짜', 171), ('연기', 169), ('마블리', 159), ('평점', 150), ('볼', 146), ('점', 142), ('케미', 141), ('보고', 138), ('정말', 132), ('보기', 131), ('생각', 129), ('재미', 125), ('것', 124), ('고스트', 101), ('그냥', 91), ('좀', 89), ('요', 89), ('코미디', 84), ('시간', 83), ('내용', 83), ('웃음', 81), ('더', 80), ('이', 80), ('전개', 78), ('코믹', 78), ('꼭', 77), ('수', 70), ('완전', 70), ('돈', 68), ('원더풀', 67), ('역시', 66), ('사람', 66), ('예상', 65), ('정도', 64), ('알바', 63), ('거', 63), ('추석', 63), ('시나리오', 62), ('마지막', 58), ('왜', 57), ('최고', 55), ('감독', 54), ('추천', 53), ('눈물', 52), ('때', 52), ('듯', 51), ('드라마', 51), ('연출', 50), ('저', 50), ('뭐', 50), ('대박', 49), ('억지', 47), ('이건', 47), ('노잼', 47), ('결말', 45), ('나', 43), ('이형', 43), ('내', 42), ('함', 41), ('별로', 40), ('한국영', 40), ('안', 40), ('하나', 39), ('장면', 39), ('말', 39), ('개', 38), ('느낌', 38), ('사랑', 37), ('유영', 37), ('임', 36), ('범죄', 36), ('작품', 35), ('이번', 35), ('테러', 35), ('신파', 35), ('가족영화', 34), ('때문', 33), ('마', 33), ('수준', 33), ('마음', 33), ('개봉', 33), ('형님', 32), ('끼리', 32), ('액션', 31), ('영혼', 31), ('만', 31), ('예고편', 31), ('중간', 31), ('캐', 31), ('급', 29), ('용', 29), ('또', 28)]"
36,"[('영화', 1156), ('꼭', 341), ('역사', 278), ('위안부', 177), ('우리', 169), ('것', 167), ('정말', 164), ('할머니', 162), ('연기', 156), ('사람', 155), ('더', 153), ('이', 143), ('생각', 140), ('눈물', 127), ('배우', 116), ('이야기', 115), ('가슴', 114), ('일본', 113), ('수', 112), ('그', 112), ('마음', 112), ('사과', 110), ('기억', 107), ('보고', 101), ('상영', 98), ('말', 95), ('감동', 94), ('분', 89), ('국민', 84), ('김희애', 84), ('관', 80), ('내내', 77), ('모두', 74), ('진짜', 69), ('라면', 67), ('최고', 62), ('할머님', 60), ('점', 56), ('절대', 56), ('한번', 55), ('때', 51), ('다시', 50), ('내용', 50), ('여성', 50), ('과거', 49), ('사실', 49), ('좀', 49), ('지금', 48), ('대한민국', 44), ('모든', 43), ('피해자', 41), ('재판', 41), ('장면', 41), ('알', 41), ('의미', 41), ('왜', 40), ('민족', 40), ('문제', 39), ('재미', 38), ('한국', 38), ('시간', 37), ('관심', 37), ('하나', 37), ('미래', 37), ('나', 36), ('안', 35), ('자극', 35), ('대해', 34), ('인간', 34), ('화가', 34), ('또', 34), ('위해', 33), ('게', 33), ('아픔', 33), ('내', 33), ('일', 32), ('반성', 32), ('한국인', 32), ('소재', 32), ('사죄', 32), ('끝', 32), ('그날', 32), ('스토리', 31), ('볼', 31), ('계속', 31), ('그냥', 31), ('영화로', 30), ('감독', 30), ('김해숙', 30), ('못', 30), ('놈', 30), ('날', 30), ('정부', 29), ('제발', 28), ('우리나라', 28), ('제', 28), ('거', 28), ('이제', 27), ('연출', 27), ('진심', 27)]"
37,"[('영화', 1077), ('이순재', 547), ('연기', 432), ('눈물', 381), ('감동', 375), ('진짜', 332), ('배우', 310), ('할아버지', 275), ('정말', 256), ('최고', 182), ('꼭', 164), ('선생님', 144), ('펑펑', 121), ('처음', 114), ('생각', 113), ('마음', 111), ('보고', 111), ('가슴', 109), ('사랑', 87), ('때', 84), ('더', 77), ('덕', 75), ('울', 74), ('계속', 68), ('내내', 63), ('끝', 62), ('아역', 62), ('가족', 61), ('오열', 59), ('이', 59), ('인생', 59), ('만', 57), ('추천', 56), ('사람', 56), ('번', 54), ('엄마', 53), ('그냥', 53), ('아이', 53), ('점', 52), ('것', 52), ('말', 51), ('스토리', 51), ('할머니', 50), ('오래오래', 49), ('콧물', 49), ('평점', 47), ('수', 47), ('할배', 46), ('시작', 45), ('나', 45), ('우리', 44), ('저', 44), ('재', 43), ('시간', 43), ('휴지', 43), ('상영', 43), ('돈', 42), ('한번', 42), ('아역배우', 41), ('왜', 40), ('존경', 40), ('내용', 39), ('눈', 38), ('연기력', 37), ('역시', 37), ('영화관', 36), ('대박', 36), ('항상', 35), ('거', 34), ('장면', 33), ('울면', 32), ('슬픔', 32), ('내', 32), ('정도', 32), ('그', 32), ('하나', 31), ('마지막', 31), ('좀', 31), ('안', 30), ('볼', 30), ('또', 30), ('이야기', 29), ('제', 28), ('모두', 27), ('여운', 26), ('앞', 26), ('친구', 25), ('부모님', 25), ('집', 24), ('다시', 24), ('억지', 24), ('관', 24), ('간만', 23), ('요', 23), ('몰입', 22), ('진심', 22), ('정지훈', 22), ('울음', 22), ('후회', 22), ('살', 22)]"
38,"[('영화', 859), ('드라마', 693), ('웹툰', 419), ('진짜', 322), ('연기', 294), ('원작', 245), ('배우', 242), ('유정', 225), ('더', 211), ('율', 208), ('오연서', 206), ('내용', 203), ('싱크로', 190), ('점', 168), ('느낌', 168), ('홍설', 162), ('사람', 160), ('시간', 149), ('생각', 141), ('박해진', 136), ('치인트', 135), ('돈', 129), ('보고', 129), ('정말', 128), ('그냥', 128), ('평점', 124), ('좀', 115), ('것', 113), ('선배', 112), ('왜', 112), ('안', 109), ('스토리', 109), ('이', 105), ('알바', 92), ('별로', 91), ('거', 90), ('개연', 87), ('캐릭터', 85), ('정도', 82), ('중간', 81), ('이해', 79), ('캐스팅', 79), ('하나', 71), ('스릴러', 70), ('김고은', 66), ('말', 64), ('장면', 64), ('눈', 63), ('보지', 60), ('내', 60), ('처음', 60), ('볼', 59), ('백인호', 59), ('때', 58), ('차라리', 56), ('뭐', 56), ('최악', 56), ('그', 55), ('안마', 54), ('의자', 54), ('연출', 52), ('영화로', 52), ('팬', 52), ('나', 51), ('줄', 51), ('임', 51), ('저', 50), ('듯', 50), ('개', 49), ('수', 48), ('노잼', 48), ('도', 46), ('로맨스', 46), ('재미', 45), ('움', 44), ('못', 44), ('걸', 44), ('보기', 43), ('대박', 43), ('대학생', 43), ('함', 43), ('백인하', 42), ('다시', 42), ('부분', 42), ('이건', 41), ('전개', 41), ('때문', 41), ('끝', 40), ('연기력', 40), ('내내', 40), ('싱크', 40), ('조금', 39), ('아쉬움', 39), ('기대', 38), ('결말', 37), ('말투', 35), ('난', 35), ('감', 35), ('역시', 35), ('나름', 34)]"
39,"[('영화', 957), ('비리', 352), ('꼭', 225), ('방산', 218), ('사람', 128), ('이', 125), ('정말', 123), ('연기', 104), ('것', 98), ('생각', 97), ('진짜', 96), ('상영', 96), ('더', 92), ('감독', 86), ('군인', 86), ('실화', 84), ('배우', 84), ('현실', 83), ('국민', 82), ('나라', 80), ('왜', 76), ('분', 75), ('소재', 73), ('대한민국', 72), ('군', 71), ('사회', 66), ('정의', 64), ('수', 64), ('점', 61), ('보고', 60), ('좀', 60), ('관', 58), ('재미', 56), ('그', 55), ('고발', 53), ('모두', 51), ('우리', 49), ('군대', 48), ('앞', 46), ('용기', 45), ('진실', 45), ('말', 44), ('내용', 44), ('세상', 43), ('지금', 42), ('우리나라', 41), ('내부고발자', 39), ('알', 39), ('스토리', 36), ('평점', 36), ('때', 35), ('거', 34), ('놈', 34), ('국가', 33), ('감동', 32), ('김상경', 32), ('볼', 32), ('의미', 32), ('홍기선', 32), ('위해', 32), ('마지막', 31), ('연출', 31), ('국방부', 30), ('일', 30), ('사실', 29), ('한번', 29), ('돈', 29), ('적폐', 29), ('척결', 27), ('게', 27), ('추천', 27), ('가슴', 27), ('조금', 27), ('계속', 26), ('그냥', 26), ('사형', 26), ('끝', 26), ('이영화', 26), ('모든', 26), ('반드시', 26), ('내', 25), ('흥행', 25), ('위', 25), ('최고', 25), ('걸', 25), ('때문', 25), ('박수', 25), ('연기력', 24), ('얼마나', 24), ('마음', 24), ('관심', 23), ('곳', 23), ('개봉', 23), ('실제', 23), ('바탕', 23), ('자체', 23), ('라면', 23), ('가지', 22), ('제발', 22), ('다시', 22)]"
40,"[('영화', 705), ('진짜', 323), ('공포영화', 255), ('곤지암', 208), ('돈', 198), ('평점', 169), ('공포', 158), ('이', 137), ('더', 136), ('점', 136), ('연기', 115), ('보고', 113), ('스토리', 112), ('개', 110), ('장산', 110), ('소리', 109), ('귀신', 107), ('배우', 105), ('것', 105), ('그냥', 104), ('범', 103), ('생각', 100), ('거', 99), ('사람', 97), ('볼', 97), ('내', 91), ('나', 91), ('노잼', 90), ('알바', 84), ('왜', 81), ('보지', 78), ('정도', 75), ('정말', 74), ('한국', 72), ('처음', 72), ('감독', 71), ('시간', 67), ('꼭', 66), ('친구', 66), ('뭐', 66), ('임', 65), ('좀', 65), ('말', 62), ('여름', 58), ('하나', 56), ('안', 54), ('내용', 54), ('최악', 52), ('느낌', 51), ('결말', 48), ('나름', 47), ('걸', 45), ('수', 45), ('별로', 44), ('추천', 43), ('개연', 42), ('이건', 41), ('움', 41), ('함', 41), ('갑툭튀', 41), ('도', 40), ('때', 39), ('최고', 39), ('듯', 38), ('분장', 38), ('무서움', 38), ('보기', 37), ('제발', 37), ('쓰레기', 36), ('진심', 36), ('이영화', 35), ('재미', 35), ('기대', 34), ('주인공', 34), ('댓글', 33), ('긴장', 33), ('클레멘타인', 33), ('제', 32), ('속', 32), ('영화관', 31), ('소름', 31), ('장면', 30), ('신인', 30), ('수준', 29), ('인생', 29), ('마지막', 29), ('난', 28), ('차라리', 28), ('저', 28), ('공포물', 28), ('점도', 27), ('끝', 27), ('연출', 27), ('긴장감', 27), ('집', 27), ('사운드', 27), ('욕', 26), ('별', 26), ('오늘', 26), ('내내', 26)]"
41,"[('영화', 365), ('청소년', 128), ('범죄', 107), ('법', 84), ('생각', 82), ('반전', 72), ('진짜', 69), ('현실', 66), ('더', 65), ('연기', 63), ('좀', 63), ('내용', 51), ('이', 51), ('사회', 49), ('정말', 45), ('것', 44), ('처벌', 42), ('사람', 41), ('문제', 40), ('김희원', 39), ('피해자', 39), ('유영', 39), ('배우', 38), ('스토리', 34), ('돈', 34), ('마지막', 33), ('다행', 32), ('점', 31), ('보고', 31), ('볼', 30), ('말', 30), ('재미', 29), ('평점', 28), ('몰입', 27), ('심각', 27), ('애', 27), ('결말', 26), ('그냥', 25), ('요즘', 25), ('수', 24), ('소재', 24), ('하나', 23), ('연출', 23), ('장난', 23), ('성범죄', 22), ('시간', 21), ('전개', 21), ('일', 20), ('듯', 20), ('감독', 19), ('긴장감', 19), ('그', 19), ('뭐', 19), ('한번', 19), ('대한', 19), ('끝', 19), ('어른', 19), ('때', 18), ('함', 18), ('도', 18), ('꼭', 18), ('왜', 18), ('가해자', 18), ('느낌', 17), ('우리나라', 17), ('대한민국', 17), ('괴물', 17), ('마음', 16), ('게', 16), ('아이', 16), ('주인공', 16), ('쓰레기', 16), ('알바', 16), ('정도', 15), ('개연', 15), ('거', 15), ('몰카', 15), ('성인', 15), ('세상', 15), ('내내', 15), ('소름', 14), ('걸', 14), ('나', 14), ('제발', 14), ('스릴러', 14), ('사건', 14), ('충격', 13), ('수준', 13), ('대사', 13), ('보호', 13), ('주제', 13), ('고딩', 12), ('개', 12), ('못', 12), ('실화', 12), ('범인', 11), ('화가', 11), ('자체', 11), ('남자', 11), ('우리', 11)]"
42,"[('독전', 8780), ('영화', 3032), ('연기', 2629), ('배우', 1911), ('김주혁', 1040), ('진짜', 749), ('스토리', 607), ('연기력', 604), ('결말', 565), ('정말', 524), ('반전', 497), ('조진웅', 436), ('생각', 423), ('최고', 396), ('좀', 390), ('선생', 388), ('볼', 382), ('류준열', 376), ('내용', 366), ('세', 366), ('시간', 352), ('점', 328), ('마지막', 322), ('장면', 318), ('왜', 313), ('것', 312), ('관람', 310), ('더', 310), ('이', 304), ('그냥', 297), ('독', 292), ('마약', 284), ('재미', 276), ('보고', 273), ('감독', 269), ('자극', 256), ('청불', 251), ('느낌', 244), ('말', 224), ('또', 220), ('몰입', 218), ('전류', 217), ('정도', 216), ('캐릭터', 213), ('진서연', 205), ('거', 204), ('평점', 200), ('대박', 199), ('준열', 194), ('사람', 189), ('연출', 185), ('하나', 185), ('한국영', 176), ('부분', 174), ('다시', 171), ('수', 169), ('듯', 167), ('별로', 167), ('임', 165), ('차승원', 158), ('류준', 155), ('처음', 154), ('뭐', 148), ('그', 148), ('개연', 146), ('끝', 145), ('돈', 144), ('때', 137), ('예상', 137), ('청', 137), ('몰입도', 134), ('조금', 133), ('긴장감', 133), ('중간', 132), ('만', 130), ('전개', 128), ('역시', 127), ('기대', 126), ('감', 125), ('함', 124), ('한국', 123), ('이해', 123), ('누가', 120), ('번', 119), ('내', 118), ('모두', 115), ('뭔가', 114), ('때문', 110), ('소름', 110), ('나', 109), ('인상', 106), ('꼭', 104), ('알', 103), ('수준', 102), ('저', 101), ('약', 101), ('작품', 100), ('완전', 99), ('초반', 99), ('보기', 98)]"
43,"[('영화', 593), ('평점', 248), ('점', 190), ('진짜', 155), ('임창정', 154), ('감독', 126), ('배우', 106), ('왜', 102), ('이', 98), ('돈', 76), ('시간', 73), ('연기', 72), ('생각', 68), ('그냥', 66), ('창정', 65), ('알바', 63), ('거', 59), ('보고', 57), ('스토리', 56), ('쓰레기', 54), ('좀', 52), ('것', 49), ('뭐', 48), ('볼', 48), ('정려원', 48), ('정말', 47), ('정상훈', 46), ('재미', 45), ('이형', 44), ('더', 43), ('사람', 42), ('내', 42), ('나', 41), ('킬링타임', 40), ('개', 38), ('정도', 37), ('이건', 35), ('관람객', 35), ('최악', 34), ('수', 34), ('말', 34), ('수준', 33), ('걸', 33), ('내용', 32), ('코미디', 32), ('급', 31), ('제발', 31), ('노잼', 30), ('신동엽', 27), ('이제', 27), ('풍자', 27), ('때문', 27), ('작품', 27), ('감동', 26), ('연출', 26), ('듯', 26), ('보기', 25), ('임', 24), ('용', 24), ('하나', 23), ('보지', 23), ('역시', 22), ('난', 22), ('최', 22), ('실', 22), ('최고', 21), ('이름', 21), ('때', 20), ('안', 19), ('저', 19), ('댓글', 18), ('영화로', 18), ('웃음', 18), ('느낌', 18), ('코믹', 17), ('무슨', 17), ('점도', 17), ('네이버', 17), ('한국영', 17), ('한국', 17), ('처음', 17), ('중간', 17), ('기대', 17), ('진심', 17), ('게', 17), ('별', 17), ('시나리오', 17), ('나름', 16), ('관객', 16), ('개연', 16), ('그', 16), ('대박', 16), ('장면', 16), ('이상', 16), ('조작', 15), ('네티즌', 15), ('도대체', 14), ('기', 14), ('도', 14), ('마지막', 14)]"
44,"[('아이', 78), ('애', 30), ('아들', 28), ('미니', 26), ('특공대', 26), ('극장판', 19), ('티비', 19), ('영화', 17), ('그냥', 16), ('살', 16), ('스토리', 16), ('집중', 14), ('내용', 11), ('중간', 10), ('편', 10), ('우리', 8), ('재미', 8), ('개', 8), ('거', 8), ('에피소드', 8), ('어른', 8), ('더', 7), ('저', 7), ('느낌', 7), ('요', 7), ('액션', 7), ('악당', 6), ('영화관', 6), ('피', 6), ('규어', 6), ('듯', 6), ('돈', 6), ('딸', 5), ('조카', 5), ('시리즈', 5), ('세', 5), ('업그레이드', 5), ('것', 5), ('집', 5), ('뭐', 5), ('별로', 5), ('달라', 5), ('조금', 4), ('완전', 4), ('진짜', 4), ('단편', 4), ('연속', 4), ('대요', 4), ('처음', 4), ('애가', 4), ('방영', 4), ('약간', 4), ('이', 4), ('극장', 4), ('또', 3), ('장난감', 3), ('역시', 3), ('그래픽', 3), ('하나', 3), ('개봉', 3), ('좀', 3), ('해', 3), ('번', 3), ('걸', 3), ('언제', 3), ('노래', 3), ('시간', 3), ('보고', 3), ('용이', 3), ('만화', 3), ('선물', 3), ('바로', 3), ('소리', 3), ('특', 3), ('로봇', 3), ('눈높이', 3), ('이건', 3), ('애니메이션', 3), ('추천', 3), ('엄마', 3), ('끝', 3), ('최고', 3), ('무기', 3), ('지루함', 2), ('반복', 2), ('정말', 2), ('짱', 2), ('덕분', 2), ('세번', 2), ('애기', 2), ('아기', 2), ('차이', 2), ('매번', 2), ('처럼', 2), ('껄', 2), ('평소', 2), ('디자인', 2), ('만족', 2), ('꼭', 2), ('아주', 2)]"
45,"[('영화', 979), ('원작', 563), ('웹툰', 299), ('연기', 248), ('배우', 167), ('진짜', 165), ('미래', 159), ('생각', 151), ('위로', 138), ('보고', 134), ('힐링', 134), ('정말', 129), ('것', 124), ('내용', 121), ('사람', 107), ('감동', 102), ('이', 95), ('마음', 85), ('재희', 82), ('마지막', 77), ('왜', 76), ('더', 74), ('안', 71), ('부분', 71), ('수', 69), ('스토리', 68), ('말', 68), ('점', 66), ('김준면', 65), ('느낌', 64), ('시간', 63), ('때', 63), ('눈물', 63), ('추천', 60), ('거', 57), ('내', 56), ('장면', 56), ('그냥', 56), ('저', 56), ('돈', 54), ('캐릭터', 51), ('볼', 51), ('나', 50), ('친구', 50), ('다른', 49), ('그', 49), ('좀', 49), ('연출', 48), ('어도', 47), ('환희', 47), ('중간', 46), ('이해', 44), ('알바', 44), ('여중생', 43), ('꼭', 43), ('정도', 42), ('영화로', 42), ('기대', 41), ('보지', 39), ('실망', 38), ('감독', 38), ('난', 38), ('이야기', 38), ('별로', 38), ('선생님', 37), ('걸', 36), ('수호', 36), ('평점', 35), ('인생', 34), ('조금', 34), ('담임', 34), ('뭐', 34), ('가슴', 34), ('개연', 34), ('땐', 34), ('하나', 33), ('도', 33), ('한번', 33), ('팬', 32), ('학생', 32), ('처음', 32), ('이건', 31), ('각색', 31), ('작품', 31), ('왕따', 30), ('백합', 30), ('최악', 30), ('보기', 29), ('전혀', 29), ('공감', 29), ('자체', 28), ('내내', 28), ('못', 28), ('완전', 27), ('현실', 27), ('재미', 27), ('만', 27), ('제', 26), ('분', 25), ('자극', 25)]"
46,"[('아이', 86), ('번개', 64), ('맨', 45), ('영화', 26), ('노래', 23), ('뮤지컬', 20), ('또', 14), ('더', 13), ('정말', 13), ('보고', 13), ('음악', 12), ('저', 11), ('살', 11), ('추억', 10), ('아들', 9), ('애', 9), ('최고', 9), ('완전', 8), ('역시', 8), ('진짜', 7), ('딸', 7), ('시간', 7), ('영화로', 6), ('나', 6), ('감동', 6), ('집중', 6), ('강', 6), ('어른', 5), ('우리', 5), ('내용', 5), ('중간', 5), ('시사회', 5), ('신비', 4), ('티비', 4), ('체조', 4), ('요', 4), ('마지막', 4), ('재미', 4), ('공연', 4), ('해', 4), ('스토리', 4), ('파워', 4), ('초집', 4), ('섬', 3), ('평론가', 3), ('평점', 3), ('짱', 3), ('그냥', 3), ('엄마', 3), ('계속', 3), ('걸', 3), ('개봉', 3), ('집', 3), ('추천', 3), ('아기', 3), ('한번', 3), ('다시', 3), ('다른', 3), ('번', 3), ('사랑', 3), ('응원', 3), ('스크린', 3), ('이야기', 2), ('작품', 2), ('살딸', 2), ('어린이', 2), ('시작', 2), ('좀', 2), ('함', 2), ('기대', 2), ('아침', 2), ('친구', 2), ('보지', 2), ('처', 2), ('못', 2), ('내', 2), ('차라리', 2), ('줄', 2), ('코', 2), ('피오', 2), ('처음', 2), ('우뢰매', 2), ('말', 2), ('별로', 2), ('다음', 2), ('뻔', 2), ('전', 2), ('부분', 2), ('깔깔', 2), ('웃기', 2), ('도하', 2), ('자꾸', 2), ('내내', 2), ('딸아이', 2), ('체', 2), ('영화관', 2), ('오늘', 2), ('주말', 2), ('수', 2), ('외치', 2)]"
47,"[('아이', 1773), ('뽀로로', 501), ('살', 473), ('영화', 323), ('아들', 312), ('애', 254), ('집중', 245), ('어른', 234), ('중간', 163), ('역시', 162), ('보기', 155), ('공룡', 153), ('노래', 153), ('시간', 148), ('정말', 147), ('저', 139), ('딸', 132), ('더', 129), ('세', 128), ('또', 127), ('보고', 126), ('개월', 120), ('관람', 119), ('아기', 116), ('최고', 106), ('통령', 96), ('뽀', 95), ('극장판', 91), ('재미', 85), ('끝', 83), ('애기', 82), ('우리', 82), ('처음', 76), ('내용', 74), ('제', 71), ('밤', 71), ('극장', 68), ('스토리', 68), ('때', 62), ('아주', 61), ('좀', 54), ('볼', 54), ('엄마', 53), ('춤', 53), ('영화관', 52), ('생각', 51), ('추천', 51), ('조금', 51), ('딸아이', 48), ('재미나', 47), ('친구', 46), ('완전', 45), ('요', 44), ('도', 43), ('한번', 40), ('무척', 40), ('첫', 39), ('데리', 39), ('로봇', 38), ('모두', 38), ('모험', 35), ('점', 35), ('것', 34), ('내내', 33), ('다음', 33), ('둘', 33), ('해', 32), ('아빠', 30), ('제일', 30), ('진짜', 30), ('음악', 30), ('걱정', 30), ('어린이', 29), ('수', 29), ('재밋', 29), ('잼', 29), ('집', 28), ('캐릭터', 28), ('계속', 28), ('상영', 28), ('조카', 28), ('장면', 28), ('가족', 28), ('뽀통령', 27), ('악당', 27), ('깔깔', 27), ('부분', 26), ('이번', 26), ('말', 25), ('정도', 25), ('웃음', 25), ('시리즈', 23), ('중', 23), ('기대', 23), ('마지막', 22), ('난리', 21), ('햇', 21), ('크리스마스', 21), ('눈', 21), ('꼭', 20)]"
48,"[('영화', 309), ('배우', 93), ('진짜', 89), ('연기', 79), ('돈', 77), ('평점', 65), ('이경영', 59), ('생각', 48), ('점', 47), ('볼', 47), ('스토리', 41), ('시간', 40), ('김무열', 39), ('알바', 38), ('재미', 36), ('이', 36), ('감독', 35), ('그냥', 35), ('정도', 33), ('보고', 32), ('것', 31), ('정말', 30), ('왜', 29), ('캐릭터', 26), ('코미디', 25), ('킬링타임', 25), ('더', 25), ('좀', 25), ('내', 25), ('사람', 24), ('나름', 24), ('웃기', 23), ('코믹', 23), ('용', 22), ('개', 22), ('기대', 21), ('노잼', 21), ('거', 21), ('한국', 20), ('난', 20), ('뭐', 19), ('보기', 19), ('웃음', 19), ('간만', 18), ('수', 18), ('킬러', 18), ('하나', 18), ('듯', 17), ('급', 17), ('만', 17), ('박희순', 16), ('함', 16), ('나', 16), ('말', 16), ('느낌', 15), ('안', 15), ('오락', 15), ('이건', 15), ('최고', 14), ('때', 14), ('장면', 14), ('한국영', 14), ('걸', 14), ('블랙코미디', 13), ('전광렬', 13), ('저', 13), ('완전', 13), ('꼭', 13), ('중간', 13), ('때문', 12), ('추천', 12), ('댓글', 12), ('현실', 12), ('몰입', 12), ('영화로', 11), ('쓰레기', 11), ('대안', 11), ('줄', 11), ('시나리오', 11), ('꿀잼', 11), ('최악', 11), ('작품', 11), ('요즘', 11), ('제일', 11), ('전', 10), ('임', 10), ('별로', 10), ('내용', 10), ('이상', 10), ('뭔가', 10), ('역시', 10), ('처음', 10), ('도', 10), ('인생', 9), ('초반', 9), ('마지막', 9), ('내내', 9), ('개인', 9), ('서울', 9), ('택배', 9)]"
49,"[('영화', 116), ('팬', 96), ('콘서트', 95), ('젝키', 76), ('감동', 75), ('젝스키스', 55), ('수', 53), ('모습', 50), ('스크린', 35), ('영상', 30), ('현장', 29), ('무대', 28), ('그', 25), ('엑스', 25), ('생각', 24), ('실황', 23), ('다시', 23), ('볼', 22), ('멤버', 22), ('정말', 22), ('준비', 21), ('것', 21), ('노력', 20), ('진짜', 19), ('또', 18), ('느낌', 18), ('사랑', 18), ('앨범', 17), ('시간', 17), ('꼭', 17), ('아이돌', 16), ('더', 16), ('보고', 16), ('재미', 16), ('중간', 15), ('기분', 15), ('다큐', 14), ('스토리', 14), ('웃음', 14), ('과정', 14), ('라면', 14), ('추천', 14), ('감', 14), ('주년', 13), ('집', 13), ('음악', 13), ('장면', 13), ('가수', 13), ('고민', 12), ('얼마나', 12), ('하나', 12), ('공연', 12), ('위해', 12), ('콘서트장', 11), ('이', 11), ('듯', 11), ('최고', 11), ('누군가', 11), ('알', 10), ('점', 10), ('한번', 10), ('관람', 10), ('마음', 10), ('평점', 9), ('이야기', 9), ('우리', 9), ('지금', 9), ('예능', 9), ('오빠', 9), ('앞', 9), ('옐키', 9), ('말', 8), ('온', 8), ('위', 8), ('서로', 8), ('포인트', 8), ('거', 7), ('모두', 7), ('역시', 7), ('사람', 7), ('무엇', 7), ('눈물', 7), ('뒤', 7), ('대한', 7), ('틴', 6), ('눈', 6), ('자체', 6), ('사운드', 6), ('가득', 6), ('에피소드', 6), ('관', 6), ('인터뷰', 6), ('때', 6), ('게', 6), ('드', 6), ('진심', 6), ('못', 6), ('얼굴', 6), ('공연장', 6), ('에이', 5)]"
50,"[('영화', 395), ('남규리', 146), ('진짜', 135), ('연기', 109), ('점', 82), ('배우', 76), ('최악', 75), ('이', 74), ('스토리', 71), ('볼', 67), ('스릴러', 67), ('감독', 62), ('생각', 56), ('평점', 54), ('거', 54), ('처음', 52), ('정도', 50), ('돈', 48), ('뭐', 46), ('공포', 45), ('좀', 44), ('소리', 44), ('왜', 44), ('정말', 43), ('더', 43), ('것', 42), ('그냥', 40), ('반전', 40), ('보고', 40), ('연출', 39), ('시간', 39), ('내', 36), ('내용', 36), ('나름', 34), ('하나', 32), ('개연', 31), ('개', 31), ('마지막', 31), ('이천희', 31), ('사람', 30), ('수', 30), ('초반', 30), ('이건', 29), ('기대', 29), ('장면', 29), ('안', 28), ('걸', 27), ('말', 27), ('알바', 26), ('노잼', 26), ('줄', 25), ('임', 25), ('공포영화', 24), ('긴장감', 24), ('스릴', 24), ('음향', 23), ('연기력', 23), ('욕', 22), ('리얼', 22), ('보기', 22), ('끝', 21), ('느낌', 21), ('함', 21), ('별로', 21), ('못', 20), ('작품', 20), ('영화관', 20), ('나', 20), ('진심', 20), ('때', 19), ('저', 18), ('급', 18), ('깜짝', 18), ('듯', 17), ('쓰레기', 17), ('무슨', 17), ('키', 17), ('때문', 16), ('이영화', 16), ('심장', 16), ('봄', 16), ('최고', 15), ('이해', 15), ('그', 15), ('결말', 15), ('대박', 15), ('중간', 15), ('난', 15), ('수준', 14), ('꼭', 14), ('만', 14), ('갑툭튀', 14), ('시작', 14), ('게', 14), ('차라리', 14), ('클레멘타인', 14), ('귀신', 14), ('한국', 14), ('부분', 13), ('도', 13)]"
51,"[('영화', 196), ('감동', 66), ('부모님', 54), ('생각', 48), ('배우', 37), ('나이', 33), ('친구', 32), ('모시', 29), ('노년', 24), ('가족', 24), ('할아버지', 24), ('아버지', 23), ('인생', 23), ('진짜', 22), ('나', 22), ('연기', 22), ('꼭', 19), ('스토리', 19), ('추천', 19), ('마음', 18), ('재미', 17), ('더', 17), ('보고', 16), ('정말', 15), ('눈물', 15), ('여운', 15), ('수', 15), ('것', 14), ('볼', 13), ('어머니', 12), ('좀', 12), ('공감', 12), ('우리', 12), ('시간', 12), ('만', 12), ('그', 12), ('점', 11), ('내', 11), ('다시', 10), ('웃음', 10), ('선생님', 10), ('드라마', 10), ('삶', 9), ('사람', 9), ('이야기', 9), ('저', 9), ('기대', 9), ('대해', 9), ('느낌', 8), ('누구', 8), ('모두', 8), ('가슴', 8), ('사랑', 8), ('무엇', 8), ('강추', 8), ('듯', 8), ('상영', 8), ('끼리', 8), ('또', 7), ('분', 7), ('의미', 7), ('평점', 7), ('한번', 7), ('이', 7), ('마지막', 7), ('엄마', 6), ('어르신', 6), ('전개', 6), ('내내', 6), ('왜', 6), ('노래', 6), ('기분', 6), ('부지', 6), ('살', 6), ('죽음', 6), ('관', 6), ('요즘', 6), ('연기력', 6), ('최고', 6), ('할머니', 6), ('완전', 5), ('박인환', 5), ('작품', 5), ('양희은', 5), ('거', 5), ('시니어', 5), ('임현식', 5), ('중간', 5), ('신구', 5), ('임', 5), ('돈', 5), ('보기', 5), ('세대', 5), ('역시', 5), ('황혼', 5), ('모습', 5), ('샘', 5), ('모든', 5), ('노인', 5), ('바', 4)]"
52,"[('아이', 37), ('살', 15), ('영화', 12), ('뽀잉', 10), ('저', 7), ('보고', 7), ('생각', 6), ('교훈', 5), ('보기', 5), ('아들', 5), ('어른', 4), ('집중', 4), ('그', 4), ('정말', 4), ('애니메이션', 3), ('애', 3), ('또', 3), ('더', 3), ('세', 3), ('스토리', 3), ('점', 3), ('극장판', 2), ('재미', 2), ('티비', 2), ('깔깔', 2), ('거리', 2), ('추석', 2), ('듯', 2), ('때문', 2), ('상영', 2), ('꼭', 2), ('해', 2), ('대요', 2), ('뽀잉뽀잉', 2), ('내', 2), ('로', 2), ('우리', 2), ('역시', 2), ('만', 2), ('개', 2), ('이야기', 2), ('처음', 2), ('자신', 2), ('사랑', 2), ('애니', 2), ('일단', 1), ('기준', 1), ('딸', 1), ('영화관', 1), ('엄마', 1), ('다해', 1), ('예매', 1), ('밥', 1), ('커피', 1), ('조금', 1), ('평일', 1), ('사람', 1), ('옆애', 1), ('연령', 1), ('층', 1), ('위', 1), ('최고', 1), ('자구', 1), ('막', 1), ('때', 1), ('소리', 1), ('데리', 1), ('재미나', 1), ('건우', 1), ('내용', 1), ('감동', 1), ('딸아이', 1), ('여자아이', 1), ('두', 1), ('눈', 1), ('악인', 1), ('길', 1), ('불의', 1), ('여호와', 1), ('리하', 1), ('긍휼', 1), ('하나님', 1), ('오라', 1), ('널리', 1), ('용서', 1), ('이사야', 1), ('딸램', 1), ('뽀로로', 1), ('란', 1), ('밑', 1), ('관계자', 1), ('마지막', 1), ('자막', 1), ('시절', 1), ('말', 1), ('미취', 1), ('학', 1), ('집', 1), ('하루', 1), ('종일', 1)]"
53,"[('아이', 80), ('대박', 46), ('애', 26), ('영화', 21), ('살', 19), ('아들', 17), ('보고', 16), ('추천', 13), ('볼', 12), ('재미', 9), ('애니', 8), ('어른', 8), ('보기', 8), ('생각', 8), ('정말', 8), ('애니메이션', 8), ('진짜', 7), ('딸', 7), ('가족', 7), ('조카', 6), ('요', 6), ('남자', 6), ('우리나라', 6), ('완전', 6), ('저', 5), ('영상', 5), ('아주', 5), ('우리', 5), ('캐릭터', 5), ('시간', 5), ('우주', 5), ('굿', 5), ('눈', 5), ('스토리', 4), ('조금', 4), ('좀', 4), ('별로', 4), ('초집', 4), ('디즈니', 4), ('티', 4), ('기대', 4), ('내용', 4), ('강추', 4), ('의', 4), ('최고', 4), ('제', 4), ('모험', 4), ('데', 3), ('재미나', 3), ('흥미진진', 3), ('간만', 3), ('그냥', 3), ('집중', 3), ('느낌', 3), ('그래픽', 3), ('만', 3), ('더', 3), ('강', 3), ('국산', 3), ('발전', 3), ('돈', 2), ('딸아이', 2), ('애기', 2), ('도', 2), ('이', 2), ('관람', 2), ('패륜', 2), ('요강', 2), ('지금', 2), ('점', 2), ('어린이', 2), ('개', 2), ('이상', 2), ('지루함', 2), ('애가', 2), ('한번', 2), ('수', 2), ('함', 2), ('나', 2), ('쓰레기', 2), ('건가', 2), ('퀄리티', 2), ('손오공', 2), ('동심', 2), ('역시', 2), ('만하', 2), ('장면', 2), ('깔깔', 2), ('더빙', 2), ('별', 2), ('임', 2), ('션', 2), ('처음', 2), ('입', 2), ('것', 2), ('여자아이', 2), ('로버', 2), ('활약', 2), ('영화로', 2), ('더욱', 2)]"
54,"[('아이', 9), ('노잼', 8), ('티비', 6), ('핵', 4), ('애', 4), ('거', 4), ('아들', 4), ('완전', 3), ('개봉', 3), ('상영', 3), ('메카', 3), ('변신', 3), ('때', 3), ('터닝메', 2), ('카드', 2), ('나이', 2), ('판', 2), ('극장판', 2), ('또', 2), ('돈', 2), ('극장', 2), ('뉴', 2), ('정말', 2), ('최고', 2), ('좀', 2), ('조카', 2), ('우리', 1), ('맘충', 1), ('개극혐', 1), ('손오공', 1), ('놈', 1), ('다시', 1), ('방영', 1), ('별로', 1), ('재미', 1), ('기존', 1), ('편집', 1), ('실화', 1), ('임', 1), ('남자', 1), ('종료', 1), ('난해', 1), ('뭐', 1), ('다음', 1), ('해도', 1), ('간다', 1), ('일당', 1), ('불', 1), ('끼리', 1), ('압축', 1), ('깜놀', 1), ('광팬', 1), ('예매', 1), ('얘기', 1), ('당황', 1), ('모처럼', 1), ('데이트', 1), ('둘', 1), ('더', 1), ('점도', 1), ('우려', 1), ('먹기', 1), ('클라스', 1), ('텔레비', 1), ('며칠', 1), ('전', 1), ('공책', 1), ('무료', 1), ('증정', 1), ('난리', 1), ('마스터', 1), ('보고', 1), ('꼭', 1), ('피아제', 1), ('비밀', 1), ('노무현', 1), ('운지', 1), ('요', 1), ('시리즈', 1), ('수정', 1), ('보완', 1), ('게', 1), ('중', 1), ('문제해결', 1), ('에피소드', 1), ('초점', 1), ('스토리', 1), ('수준', 1), ('형편', 1), ('주제곡', 1), ('댜', 1), ('르노', 1), ('라오', 1), ('무아', 1), ('성인', 1), ('재밋던', 1), ('함정', 1), ('데리', 1)]"
55,"[('영화', 4688), ('감독', 2773), ('임시완', 1132), ('연기', 1116), ('배우', 1023), ('설경구', 812), ('점', 679), ('진짜', 593), ('평점', 557), ('사람', 513), ('생각', 486), ('느와르', 453), ('이', 419), ('것', 402), ('보고', 399), ('정말', 395), ('볼', 387), ('연출', 380), ('때문', 379), ('왜', 351), ('말', 348), ('스토리', 348), ('불한당', 336), ('수준', 334), ('최고', 329), ('신세계', 318), ('그냥', 297), ('더', 289), ('작품', 277), ('연기력', 263), ('좀', 244), ('자체', 219), ('하나', 217), ('그', 215), ('재미', 215), ('돈', 212), ('임', 211), ('내용', 208), ('정도', 207), ('시간', 205), ('수', 201), ('평가', 200), ('거', 193), ('쓰레기', 188), ('인성', 188), ('뭐', 187), ('안', 184), ('느낌', 181), ('테러', 179), ('일베', 177), ('인생', 173), ('듯', 166), ('별로', 164), ('내', 159), ('감', 152), ('홍어', 147), ('만', 145), ('반전', 143), ('한국', 140), ('사랑', 139), ('트윗', 139), ('함', 137), ('장면', 133), ('트위터', 132), ('번', 128), ('또', 128), ('여운', 127), ('보지', 125), ('놈', 122), ('정신', 122), ('프리', 118), ('중', 117), ('기대', 117), ('액션', 117), ('즌', 115), ('한국영', 114), ('때', 112), ('역시', 111), ('걸', 109), ('처음', 109), ('나', 107), ('마지막', 106), ('저', 105), ('캐릭터', 105), ('개', 104), ('한번', 104), ('다시', 104), ('최악', 104), ('정선', 103), ('점도', 103), ('알', 102), ('이상', 100), ('노잼', 99), ('프리즌', 98), ('움', 98), ('욕', 97), ('결말', 96), ('꼭', 96), ('추천', 94), ('보기', 93)]"
56,"[('아이', 35), ('스톰', 11), ('아들', 9), ('영화', 8), ('살', 7), ('어른', 6), ('여름', 6), ('또', 6), ('집중', 5), ('재미', 5), ('해적', 4), ('굿', 4), ('애', 4), ('다음', 4), ('보기', 3), ('짱짱', 3), ('결말', 3), ('애니메이션', 3), ('끝', 3), ('초', 3), ('딸', 3), ('액션', 3), ('딸아이', 3), ('추천', 3), ('완전', 3), ('내용', 2), ('더', 2), ('대박', 2), ('후속', 2), ('시리즈', 2), ('푹', 2), ('저', 2), ('듯', 2), ('해', 2), ('좀', 2), ('계속', 2), ('요', 2), ('해양', 2), ('어드벤처', 2), ('레', 2), ('조카', 2), ('진짜', 2), ('신나요', 2), ('시원', 2), ('최고', 2), ('장면', 2), ('방학', 2), ('강추', 2), ('대요', 2), ('잼', 2), ('남아', 2), ('볼', 2), ('흥미진진', 2), ('친구', 2), ('바다', 2), ('기억', 1), ('제', 1), ('울트라', 1), ('슈퍼', 1), ('캡', 1), ('실화', 1), ('감사', 1), ('왜', 1), ('카이조', 1), ('쿠', 1), ('오니', 1), ('오레', 1), ('나루', 1), ('편도', 1), ('스토리', 1), ('관람객', 1), ('아쉬움', 1), ('꼭', 1), ('후', 1), ('속편', 1), ('스톤', 1), ('얼굴', 1), ('삼지', 1), ('화이팅', 1), ('로라', 1), ('엉엉', 1), ('해적선', 1), ('완구', 1), ('집', 1), ('줄', 1), ('래미', 1), ('엔딩', 1), ('려고', 1), ('작정', 1), ('한창', 1), ('갑자기', 1), ('흐지부지', 1), ('뭐', 1), ('이', 1), ('장난', 1), ('닷', 1), ('연결', 1), ('틈', 1), ('남자', 1), ('이상', 1)]"
57,"[('영화', 188), ('성훈', 59), ('연기', 56), ('감독', 52), ('배우', 51), ('부산', 36), ('시간', 36), ('이', 34), ('사투리', 33), ('진짜', 30), ('내', 28), ('스토리', 27), ('좀', 25), ('액션', 23), ('것', 22), ('작품', 21), ('왜', 21), ('상영', 21), ('정말', 20), ('느와르', 19), ('조한선', 18), ('연출', 18), ('윤소이', 16), ('형제', 16), ('돈', 15), ('연기력', 14), ('더', 14), ('관', 14), ('보고', 13), ('하나', 13), ('최고', 13), ('점', 13), ('꼭', 12), ('그냥', 12), ('평점', 12), ('볼', 12), ('최악', 12), ('데이트', 11), ('결말', 11), ('거', 11), ('끝', 11), ('클레멘타인', 11), ('생각', 11), ('사람', 11), ('나', 11), ('이건', 10), ('임', 10), ('안', 10), ('투자', 10), ('내용', 10), ('뭐', 10), ('조연', 10), ('천사몽', 9), ('개봉', 9), ('느낌', 9), ('정도', 9), ('애', 9), ('기대', 9), ('감성', 9), ('듯', 8), ('나름', 8), ('친구', 8), ('감동', 8), ('걸', 8), ('수', 8), ('이영화', 8), ('류', 8), ('다음', 8), ('항애', 7), ('드라마', 7), ('다른', 7), ('출연', 7), ('도대체', 7), ('전개', 7), ('역대', 7), ('못', 7), ('역시', 7), ('시나리오', 7), ('영화관', 7), ('줄', 7), ('수준', 7), ('지금', 7), ('극장', 7), ('얼굴', 6), ('번', 6), ('수작', 6), ('집', 6), ('관객', 6), ('말', 6), ('화이팅', 6), ('무슨', 6), ('집중', 6), ('댓글', 6), ('개', 6), ('마지막', 6), ('문제', 6), ('신', 6), ('삼류', 6), ('욕', 6), ('인생', 6)]"
58,"[('영화', 26), ('연기', 7), ('배우', 5), ('스토리', 4), ('꼭', 4), ('것', 4), ('감동', 4), ('정말', 3), ('임', 3), ('우리', 3), ('감독', 3), ('최고', 3), ('공무원', 3), ('저예산영화', 3), ('재미', 3), ('생각', 3), ('연기력', 2), ('보기', 2), ('소름', 2), ('때', 2), ('강추', 2), ('예산', 2), ('걸', 2), ('평점', 2), ('왜', 2), ('시작', 2), ('심영', 2), ('이', 2), ('점', 2), ('무조건', 2), ('재', 2), ('개봉', 2), ('다시', 2), ('롯데', 2), ('장', 2), ('태령', 2), ('관계자', 2), ('시간', 2), ('봄', 2), ('또', 2), ('주제', 2), ('화이팅', 2), ('역', 2), ('악역', 2), ('아주', 2), ('청렴', 2), ('실향민', 2), ('현실', 2), ('도시', 1), ('엉터리', 1), ('텅리', 1), ('수준', 1), ('개판', 1), ('전', 1), ('출연', 1), ('진', 1), ('국어', 1), ('책', 1), ('처리', 1), ('절제', 1), ('병맛', 1), ('덤', 1), ('자', 1), ('수작', 1), ('간만', 1), ('영', 1), ('한국', 1), ('스타일', 1), ('칸', 1), ('미장센', 1), ('통', 1), ('향수', 1), ('알바', 1), ('명', 1), ('알', 1), ('재연배우', 1), ('집합', 1), ('줄', 1), ('김영인', 1), ('국민', 1), ('소액', 1), ('모금', 1), ('이야기', 1), ('서울', 1), ('잠실', 1), ('타워', 1), ('층', 1), ('시네마', 1), ('관', 1), ('오후', 1), ('청년', 1), ('어른', 1), ('보아', 1), ('국민정신', 1), ('교육', 1), ('도대체', 1), ('실화', 1), ('바탕', 1), ('정의', 1), ('구현', 1)]"
59,"[('영화', 16), ('감동', 8), ('강', 5), ('정말', 4), ('꼭', 4), ('크리스천', 4), ('하나님', 3), ('생각', 3), ('관람', 3), ('다시', 2), ('이', 2), ('시대', 2), ('저', 2), ('감사', 2), ('가슴', 2), ('사랑', 2), ('추천', 2), ('노잼', 2), ('상영', 2), ('웃음', 2), ('최고', 2), ('파파', 1), ('오랑', 1), ('후', 1), ('감명', 1), ('한번', 1), ('알', 1), ('역사', 1), ('일어나고', 1), ('신앙', 1), ('믿음', 1), ('회복', 1), ('다큐', 1), ('내내', 1), ('눈물', 1), ('덕분', 1), ('살', 1), ('계심', 1), ('수', 1), ('가족', 1), ('주심', 1), ('노오', 1), ('오오', 1), ('잼', 1), ('이임', 1), ('틈', 1), ('순간', 1), ('부모님', 1), ('보고', 1), ('상황', 1), ('희망', 1), ('진짜', 1), ('힐링', 1), ('캬', 1), ('인생', 1), ('역대', 1), ('라면', 1), ('뜻', 1), ('지금', 1), ('선데이', 1), ('가나다', 1), ('라마', 1), ('바사', 1), ('차캉', 1), ('시사회', 1), ('재', 1), ('려고', 1), ('하니', 1), ('관', 1), ('일반', 1), ('다큐멘터리', 1), ('더', 1), ('시간', 1), ('적극', 1), ('아주', 1), ('울음', 1), ('도가니', 1), ('매우', 1), ('심령', 1), ('야성', 1), ('간', 1), ('반드시', 1), ('내', 1), ('삶', 1)]"
60,"[('영화', 55), ('연기', 44), ('정채', 38), ('연', 34), ('영상', 24), ('음악', 20), ('산이', 18), ('스토리', 17), ('좀', 15), ('배우', 15), ('채연', 13), ('생각', 12), ('상미', 11), ('평점', 10), ('베트남', 8), ('미가', 7), ('더', 7), ('진짜', 7), ('알바', 7), ('점', 7), ('뭐', 7), ('개연', 6), ('그냥', 6), ('정말', 5), ('도', 5), ('느낌', 5), ('것', 4), ('보기', 4), ('듯', 4), ('왜', 4), ('전개', 4), ('응원', 4), ('힐링', 4), ('노래', 4), ('자체', 4), ('하나', 4), ('스크린', 4), ('양심', 4), ('재미', 3), ('군인', 3), ('때', 3), ('남자', 3), ('주연', 3), ('비주', 3), ('얼', 3), ('그', 3), ('이', 3), ('흥행', 3), ('존예', 3), ('팬', 3), ('연기력', 3), ('이해', 3), ('나', 3), ('내용', 3), ('조금', 3), ('거', 3), ('눈', 3), ('돈', 3), ('최고', 3), ('감동', 3), ('사랑', 3), ('볼', 3), ('보고', 3), ('지금', 3), ('화이팅', 3), ('미모', 3), ('게', 3), ('첫', 3), ('노잼', 3), ('시간', 3), ('작품', 3), ('미도', 3), ('함', 2), ('자', 2), ('제일', 2), ('이상', 2), ('몰입', 2), ('피아노', 2), ('곡', 2), ('완전', 2), ('주인공', 2), ('제대로', 2), ('설명', 2), ('부분', 2), ('출연', 2), ('모든', 2), ('조작', 2), ('김치', 2), ('강추', 2), ('최악', 2), ('기도', 2), ('추천', 2), ('뭔가', 2), ('감성', 2), ('이번', 2), ('편견', 2), ('장면', 2), ('댓글', 2), ('팬심', 2), ('움', 2)]"
61,"[('영화', 48), ('추천', 23), ('목사', 22), ('꼭', 16), ('생각', 16), ('감동', 15), ('옥한흠', 13), ('사랑', 11), ('삶', 10), ('목회자', 10), ('제자', 8), ('수', 8), ('보고', 8), ('사람', 8), ('이', 7), ('신앙', 7), ('정말', 7), ('광', 6), ('때', 6), ('교회', 6), ('하나님', 6), ('분', 6), ('상영', 6), ('것', 6), ('예수님', 6), ('회개', 6), ('시대', 6), ('영화관', 5), ('말씀', 5), ('평신도', 5), ('자신', 5), ('역', 4), ('마음', 4), ('내', 4), ('로서', 4), ('도전', 4), ('라면', 4), ('통해', 4), ('지금', 4), ('우리', 4), ('믿음', 4), ('아주', 4), ('헌신', 3), ('한국', 3), ('나', 3), ('진짜', 3), ('그', 3), ('중', 3), ('열정', 3), ('눈물', 3), ('크리스천', 3), ('예수', 3), ('개독교', 3), ('선배', 3), ('걸', 3), ('알', 3), ('왜', 3), ('다시', 3), ('대해', 3), ('게', 3), ('가지', 2), ('길', 2), ('소망', 2), ('십자가', 2), ('주님', 2), ('더', 2), ('돈', 2), ('종교', 2), ('요즘', 2), ('때문', 2), ('복음', 2), ('울림', 2), ('훈련', 2), ('대한', 2), ('개인', 2), ('또', 2), ('모든', 2), ('말', 2), ('표현', 2), ('메시지', 2), ('전달', 2), ('기억', 2), ('으리', 2), ('위', 2), ('깊이', 2), ('처음', 2), ('성도', 2), ('한번', 2), ('무엇', 2), ('변화', 2), ('방향', 2), ('얼마나', 2), ('시리즈', 2), ('최고', 2), ('옥', 2), ('제', 2), ('소리', 2), ('폐부', 2), ('느낌', 2), ('결단', 2)]"
62,"[('안나', 1), ('카레', 1), ('니나', 1), ('결혼', 1), ('제도', 1), ('물질', 1), ('풍요', 1), ('안온함', 1), ('대신', 1), ('사랑', 1), ('선택', 1), ('그녀', 1), ('외로움', 1)]"
63,"[('영화', 14), ('감독', 5), ('풍자', 4), ('꽃찌', 3), ('스토리', 3), ('여인', 3), ('김문옥', 3), ('해학', 3), ('구성', 2), ('작품', 2), ('배우', 2), ('수고', 2), ('의식', 2), ('극장', 2), ('개봉', 2), ('예산', 2), ('부활', 2), ('추천', 2), ('통해', 2), ('내용', 1), ('스탭', 1), ('고생', 1), ('미투', 1), ('이', 1), ('시대', 1), ('걸', 1), ('생각', 1), ('듭니', 1), ('그', 1), ('뒤', 1), ('형사', 1), ('반장', 1), ('사람', 1), ('수', 1), ('은근', 1), ('일', 1), ('메세지', 1), ('복', 1), ('고풍', 1), ('굿굿', 1), ('마달수', 1), ('실제', 1), ('건달', 1), ('가요', 1), ('연기', 1), ('심', 1), ('해악', 1), ('남자', 1), ('사랑', 1), ('품바', 1), ('유랑극단', 1), ('차력', 1), ('재미', 1), ('감동', 1), ('축하', 1), ('나름', 1), ('빵빵', 1), ('문예', 1), ('마', 1), ('명보', 1), ('아트', 1), ('시네마', 1), ('지인', 1), ('뎨', 1), ('동성', 1), ('로', 1), ('에세', 1), ('좀더', 1), ('상영', 1), ('분', 1), ('스텝', 1), ('진심', 1), ('감사', 1), ('문화', 1), ('비판', 1), ('기구', 1), ('삶', 1), ('뜻', 1), ('한편', 1), ('한국', 1), ('진수', 1), ('독보', 1), ('존재', 1), ('감', 1), ('사회', 1), ('센세이션', 1), ('충무로', 1), ('토종', 1)]"
64,"[('영화', 2882), ('반전', 1843), ('연기', 1806), ('김무열', 1066), ('강하늘', 1061), ('진짜', 928), ('스토리', 908), ('배우', 861), ('정말', 586), ('스릴러', 555), ('초반', 538), ('몰입', 510), ('최고', 500), ('생각', 473), ('후반', 463), ('긴장감', 461), ('감독', 433), ('연기력', 423), ('대박', 371), ('마지막', 349), ('점', 341), ('감', 332), ('볼', 330), ('좀', 320), ('결말', 316), ('처음', 312), ('평점', 302), ('것', 300), ('중반', 300), ('부', 290), ('내용', 290), ('느낌', 287), ('더', 287), ('연출', 284), ('스릴', 284), ('보고', 260), ('장항준', 254), ('끝', 254), ('몰입도', 251), ('이', 233), ('사람', 226), ('시간', 225), ('정도', 224), ('전개', 223), ('중간', 222), ('장면', 217), ('수', 210), ('부분', 209), ('소리', 206), ('왜', 205), ('그냥', 198), ('긴장', 198), ('말', 196), ('때', 192), ('예상', 191), ('꼭', 188), ('갈수록', 184), ('재미', 182), ('소름', 174), ('기대', 172), ('조금', 171), ('듯', 168), ('만', 166), ('줄', 165), ('그', 165), ('설명', 163), ('심장', 157), ('시나리오', 157), ('완전', 156), ('못', 156), ('함', 155), ('하나', 153), ('개', 152), ('거', 150), ('공포', 146), ('귀신', 143), ('추천', 139), ('한국영', 139), ('기억', 135), ('뒤', 133), ('뭐', 132), ('안', 130), ('굿', 129), ('중', 128), ('두', 127), ('한국', 120), ('내', 117), ('깜짝', 117), ('간만', 116), ('개연', 115), ('공포영화', 115), ('돈', 114), ('집중', 114), ('임', 113), ('약간', 111), ('소재', 111), ('작품', 110), ('뭔가', 108), ('다시', 108), ('역시', 106)]"
65,"[('영화', 5292), ('감동', 2164), ('꼭', 1182), ('정말', 1043), ('나문희', 845), ('연기', 838), ('눈물', 802), ('위안부', 744), ('진짜', 678), ('생각', 637), ('최고', 626), ('배우', 519), ('역사', 482), ('재미', 462), ('할머니', 432), ('일본', 415), ('더', 395), ('가족', 388), ('것', 386), ('사람', 384), ('보고', 366), ('이', 359), ('말', 357), ('이제훈', 341), ('수', 334), ('마음', 329), ('내용', 307), ('가슴', 305), ('추천', 293), ('우리', 292), ('한번', 278), ('그', 266), ('모두', 263), ('다시', 256), ('웃음', 254), ('점', 252), ('처음', 247), ('보기', 246), ('사과', 240), ('스토리', 217), ('선생님', 211), ('볼', 207), ('울', 203), ('이야기', 199), ('펑펑', 198), ('평점', 194), ('기억', 192), ('문제', 186), ('때', 182), ('분', 179), ('소재', 172), ('추석', 168), ('그냥', 167), ('만', 167), ('중간', 164), ('부분', 157), ('시간', 153), ('계속', 148), ('수작', 147), ('후반', 146), ('번', 141), ('라면', 141), ('대해', 138), ('또', 138), ('줄', 137), ('국민', 137), ('안', 135), ('명작', 134), ('좀', 133), ('장면', 132), ('마지막', 129), ('작품', 127), ('주제', 124), ('왜', 119), ('알', 117), ('영화인', 117), ('아픔', 116), ('정도', 114), ('인생', 113), ('초반', 112), ('거', 109), ('연기력', 109), ('내', 108), ('올해', 107), ('영어', 106), ('의미', 104), ('진심', 103), ('코믹', 102), ('저', 102), ('부', 99), ('나', 99), ('부모님', 99), ('다가', 98), ('전개', 97), ('엄마', 97), ('대한민국', 95), ('가장', 93), ('강추', 92), ('할머님', 91), ('요', 90)]"
66,"[('영화', 41), ('액션', 14), ('이', 12), ('연기', 11), ('것', 10), ('배우', 9), ('정말', 8), ('보고', 8), ('볼', 7), ('개봉', 6), ('세기', 6), ('발연기', 6), ('그냥', 5), ('느낌', 4), ('더', 4), ('향수', 4), ('처음', 4), ('클레멘타인', 4), ('당', 4), ('거', 3), ('전라도', 3), ('길', 3), ('지금', 3), ('감성', 3), ('중간', 3), ('때', 3), ('시대', 3), ('적', 3), ('남자', 3), ('요즘', 3), ('보기', 3), ('마음', 3), ('짱', 3), ('사나이', 3), ('마지막', 3), ('나름', 3), ('함', 3), ('시사회', 3), ('이영화', 3), ('감독', 3), ('야인시대', 3), ('이유', 2), ('뭐', 2), ('조금', 2), ('다찌마와리', 2), ('연출', 2), ('하나', 2), ('사람', 2), ('돈', 2), ('급', 2), ('줄', 2), ('드', 2), ('또', 2), ('아저씨', 2), ('모든', 2), ('추억', 2), ('세련', 2), ('병맛', 2), ('내', 2), ('시나리오', 2), ('최고', 2), ('눈물', 2), ('수작', 2), ('임', 2), ('장면', 2), ('맛', 2), ('액션영화', 2), ('수준', 2), ('듯', 2), ('옛날', 2), ('스토리', 2), ('약간', 2), ('의리', 2), ('참석', 2), ('분', 2), ('정두홍', 2), ('깡패', 2), ('서사시', 2), ('출연', 2), ('점', 2), ('감동', 2), ('사투리', 2), ('어리둥절', 2), ('컨셉', 2), ('꼭', 2), ('가족', 2), ('저', 2), ('주연', 2), ('이건', 2), ('어머님', 2), ('명작', 2), ('쯤', 2), ('간', 2), ('맞짱', 1), ('말', 1), ('연기력', 1), ('대본', 1), ('구리', 1), ('걸', 1), ('터', 1)]"
67,"[('영화', 15), ('감동', 6), ('평창', 5), ('올림픽', 4), ('상영', 4), ('유치', 4), ('위해', 4), ('알', 4), ('노력', 4), ('왜', 3), ('관', 3), ('정치', 3), ('이', 3), ('작품', 3), ('보고', 3), ('수', 3), ('대체', 2), ('분', 2), ('걸', 2), ('알바', 2), ('이상', 2), ('강추', 2), ('시간', 2), ('통해', 2), ('역사', 2), ('과정', 2), ('성공', 2), ('아주', 2), ('다큐', 2), ('평창올림픽', 2), ('권력', 2), ('탈모', 2), ('사람', 2), ('얼마나', 2), ('예스', 1), ('주민', 1), ('관계자', 1), ('눈물', 1), ('철기', 1), ('짱짱', 1), ('아아', 1), ('것', 1), ('밑', 1), ('점', 1), ('뭐', 1), ('진짜', 1), ('무티', 1), ('젠', 1), ('스포츠', 1), ('엮여놓', 1), ('노무현', 1), ('점도', 1), ('선동', 1), ('좌좀', 1), ('새끼', 1), ('저리', 1), ('평점', 1), ('주작', 1), ('가족', 1), ('오늘', 1), ('교육', 1), ('근처', 1), ('좀', 1), ('멀리', 1), ('읍', 1), ('만', 1), ('좌파', 1), ('마냥', 1), ('포장', 1), ('질', 1), ('아내', 1), ('청소년', 1), ('자녀', 1), ('둘', 1), ('내용', 1), ('아이', 1), ('역시', 1), ('공부', 1), ('반응', 1), ('제작', 1), ('진의', 1), ('열정', 1), ('땡큐', 1), ('고요', 1), ('승승장구', 1), ('가슴', 1), ('동계올림픽', 1), ('렬', 1), ('슬람', 1), ('아들', 1), ('여운', 1), ('부모님', 1), ('가치', 1), ('화란', 1), ('생각', 1), ('드네', 1), ('번의', 1), ('보지', 1), ('딴지', 1), ('거', 1)]"
68,"[('영화', 90), ('연기', 56), ('배우', 47), ('스토리', 20), ('급', 14), ('끝', 11), ('정말', 11), ('연출', 10), ('독립영화', 10), ('더', 10), ('느와르', 9), ('평점', 9), ('보고', 9), ('진짜', 9), ('김영', 9), ('기대', 9), ('연기력', 9), ('아치', 8), ('추천', 8), ('작품', 8), ('볼', 8), ('처음', 8), ('이', 7), ('좀', 7), ('최고', 7), ('점', 7), ('화이팅', 7), ('내용', 6), ('나름', 6), ('곽지유', 6), ('재미', 6), ('나', 6), ('모두', 6), ('인상', 6), ('하나', 6), ('감독', 6), ('류', 5), ('생각', 5), ('예산', 5), ('분', 5), ('몰입', 5), ('것', 5), ('용', 5), ('상영', 5), ('한국영', 5), ('수', 5), ('김병철', 5), ('조금', 5), ('중', 5), ('개봉관', 5), ('잼', 4), ('흑백', 4), ('시간', 4), ('만', 4), ('관', 4), ('접', 4), ('한국', 4), ('왜', 4), ('매우', 4), ('여자', 4), ('사람', 4), ('말', 4), ('중간', 4), ('흥', 4), ('감탄', 4), ('감성', 4), ('꿀잼', 4), ('앞', 4), ('음악', 4), ('악역', 4), ('모든', 4), ('용씨', 4), ('요', 3), ('개막', 3), ('봄', 3), ('시나리오', 3), ('돈', 3), ('수준', 3), ('올해', 3), ('결말', 3), ('줄', 3), ('듯', 3), ('전개', 3), ('굿', 3), ('친구', 3), ('상업', 3), ('정도', 3), ('도', 3), ('조연', 3), ('약간', 3), ('장면', 3), ('알바', 3), ('주인공', 3), ('꽤', 3), ('주연', 3), ('짱', 3), ('조폭', 3), ('열연', 3), ('저', 3), ('이상', 3)]"
69,"[('동창회', 1), ('목적', 1), ('주인공', 1), ('박지유', 1), ('갑툭튀', 1), ('정보', 1), ('킬링타임', 1), ('용', 1), ('갠', 1), ('함', 1)]"
70,[]
